rainfall_72h_mm,rainfall_threshold_mm,soil_saturation_ratio,terrain_slope_degrees,drainage_capacity_mm_day,elevation_meters,river_distance_meters,past_recurrence_count,vulnerability_svi,flood_hazard_occurred
67.5,103.0,0.473,21.2,137.9,452.6,2530.0,2,30.7,0
114.9,89.6,0.751,1.4,141.0,1141.1,653.0,4,73.9,1
217.0,95.2,0.852,20.1,151.8,879.7,539.6,1,22.3,1
46.6,75.4,0.581,5.4,63.9,720.4,328.7,4,70.4,1
226.8,66.7,0.797,5.4,116.8,191.4,619.4,4,83.9,1
198.7,57.1,0.425,4.5,34.2,191.4,507.0,3,91.0,1
115.7,81.9,0.585,21.6,123.0,74.4,1407.3,2,19.4,0
32.3,86.6,0.705,2.8,101.0,1040.1,460.3,2,20.0,1
93.6,104.3,0.459,3.3,58.7,723.3,1083.0,2,89.4,0
32.2,103.5,0.706,1.3,113.4,851.1,131.8,3,78.2,1
162.8,78.4,0.526,13.9,43.2,29.6,304.8,2,76.9,1
269.3,78.3,0.351,16.6,70.1,1164.0,677.9,4,74.4,1
330.2,63.9,0.324,0.9,79.1,999.8,3366.6,5,72.4,1
100.3,69.2,0.823,6.0,129.9,258.7,618.3,2,64.1,1
70.8,105.9,0.22,5.9,66.7,222.3,1359.0,2,80.0,0
164.5,62.8,0.304,1.8,31.6,224.2,403.4,2,17.7,1
160.6,108.3,0.529,4.1,49.4,368.6,213.0,1,74.2,1
199.6,82.8,0.653,8.5,107.1,632.1,122.4,2,61.6,1
30.8,80.1,0.551,1.4,27.1,521.2,487.3,1,87.6,0
233.5,64.6,0.737,9.6,132.0,353.0,255.9,3,89.9,1
39.3,91.4,0.451,2.8,146.7,736.2,279.4,3,34.3,1
32.3,80.3,0.553,19.8,91.9,171.7,1766.3,1,78.2,0
38.9,75.4,0.694,0.8,120.5,354.1,69.2,3,91.6,0
143.8,69.5,0.59,0.9,87.5,442.8,1029.2,1,36.3,1
26.1,58.7,0.473,2.1,66.7,550.0,622.6,3,83.1,1
99.9,83.6,0.642,14.7,47.3,943.3,897.6,7,61.9,1
26.3,72.2,0.688,5.0,95.0,243.6,1042.9,0,46.6,0
31.5,93.9,0.762,24.7,150.5,619.5,501.1,5,80.9,0
22.3,94.8,0.445,22.5,145.1,712.9,469.7,3,84.6,1
16.4,73.3,0.302,3.5,149.1,60.5,1636.4,0,37.6,0
72.1,91.8,0.768,4.1,155.5,731.0,2510.1,1,78.6,0
157.6,69.2,0.405,10.7,47.3,208.8,306.7,1,19.0,1
228.5,95.0,0.353,0.7,44.8,82.7,173.3,1,48.4,1
84.5,55.9,0.358,4.1,82.7,1138.9,2786.9,3,20.6,1
265.8,63.3,0.718,22.5,118.1,1158.9,566.7,2,38.5,1
24.4,68.5,0.54,5.5,84.4,971.0,1011.7,0,91.0,0
292.5,97.5,0.442,8.4,145.5,369.0,584.7,3,73.8,1
282.1,58.7,0.217,21.8,121.8,121.7,211.3,3,75.4,1
17.9,65.3,0.911,3.4,110.6,822.7,1118.0,2,25.8,0
94.0,74.7,0.386,2.5,34.6,531.0,943.7,2,61.3,0
50.2,55.5,0.387,0.7,48.7,150.8,322.3,1,46.1,0
176.8,96.9,0.877,5.4,82.8,596.7,771.5,4,73.7,1
244.8,85.8,0.769,11.8,156.8,46.1,1963.1,3,27.6,1
78.5,104.5,0.951,4.6,70.1,1091.6,1121.2,1,37.6,0
37.8,56.7,0.449,1.9,110.0,314.2,172.3,2,86.9,1
315.0,69.9,0.91,1.9,158.5,796.7,1002.9,0,28.6,1
14.9,95.2,0.473,12.3,60.6,377.5,1505.8,1,65.6,0
28.9,92.1,0.933,3.0,47.5,626.5,1938.3,0,40.2,0
137.3,68.4,0.44,1.0,98.8,658.3,1240.2,4,21.6,1
45.3,87.8,0.666,13.7,99.5,225.9,248.8,0,32.9,0
24.3,98.7,0.449,3.2,149.5,1163.7,1536.2,3,84.6,0
11.7,56.8,0.768,3.0,28.6,931.3,1407.4,4,87.8,0
161.8,94.5,0.317,0.8,80.0,1127.7,79.7,3,48.6,1
58.6,68.9,0.784,16.4,67.2,1074.3,686.7,1,64.7,0
91.2,107.1,0.658,1.3,102.1,719.5,535.9,0,56.6,0
12.3,84.6,0.485,5.2,26.3,1106.6,1378.3,3,37.4,0
70.6,56.8,0.854,21.9,121.0,110.7,342.2,1,42.6,1
112.0,77.2,0.541,1.7,90.5,239.2,1122.5,2,57.1,1
37.9,108.1,0.597,2.3,119.6,59.0,2983.1,3,70.6,0
350.0,95.2,0.535,1.6,85.5,393.8,1968.2,3,43.0,1
64.1,71.5,0.555,6.8,89.0,469.5,3102.9,2,70.9,0
3.4,86.6,0.833,2.9,145.9,329.3,4658.0,4,91.9,0
179.7,88.0,0.863,5.1,53.5,995.3,62.9,1,17.0,1
14.4,56.3,0.629,23.4,54.4,431.3,1219.8,1,28.1,0
128.6,64.8,0.941,5.2,100.5,340.7,688.9,2,88.3,1
168.0,85.3,0.298,2.8,114.1,653.5,2408.1,5,20.7,1
126.8,77.2,0.759,1.1,72.9,173.4,398.1,2,76.2,1
85.3,65.5,0.733,20.1,95.1,963.6,4807.8,2,64.9,0
31.1,97.5,0.463,12.6,55.8,94.1,1191.4,5,18.8,0
68.4,81.9,0.681,10.0,43.3,1184.3,1943.2,1,15.1,0
121.7,72.0,0.641,0.8,57.2,927.8,157.4,1,55.2,1
32.8,63.9,0.667,1.8,148.7,242.5,293.2,2,24.4,0
151.4,88.6,0.611,2.5,133.2,11.6,1754.6,5,84.8,1
90.0,91.6,0.957,5.1,43.9,979.5,76.7,1,53.5,0
18.5,91.8,0.304,2.5,31.3,849.7,2087.1,4,33.8,1
8.2,67.1,0.492,3.6,37.6,876.2,66.9,1,28.5,1
47.8,87.7,0.642,18.1,64.6,926.7,1334.4,0,81.9,0
47.3,104.8,0.638,12.0,134.5,93.5,595.1,0,72.5,0
65.2,74.4,0.533,2.5,68.4,433.4,1184.5,2,72.4,0
123.2,66.6,0.829,1.5,50.1,143.5,1479.0,2,21.8,1
58.6,97.5,0.537,2.8,78.4,1036.4,553.1,2,65.0,0
25.5,64.7,0.817,7.2,41.7,749.8,187.1,2,84.6,0
16.1,69.0,0.681,3.6,88.5,400.4,136.6,2,76.3,0
21.3,60.5,0.507,5.5,116.2,81.0,1116.8,2,24.5,0
26.3,69.7,0.556,20.7,74.8,376.6,932.4,5,90.9,0
23.0,77.6,0.891,3.8,48.4,393.6,1676.7,3,20.6,0
42.4,58.5,0.727,9.7,86.2,876.9,905.4,1,59.6,0
105.8,102.9,0.906,17.1,127.9,766.9,708.7,2,90.6,0
13.6,83.3,0.357,4.6,35.3,1065.2,659.2,2,80.8,0
32.3,87.3,0.975,2.8,34.6,569.3,82.2,2,69.5,1
79.6,75.4,0.857,7.8,67.9,147.9,540.6,3,83.5,0
36.2,91.8,0.811,21.5,81.0,857.3,4526.7,1,68.9,0
26.6,78.7,0.521,2.0,54.2,914.1,2531.5,1,19.4,0
109.6,96.9,0.473,0.6,28.6,675.7,529.5,2,43.1,1
112.5,100.2,0.414,12.7,54.6,926.3,1113.5,1,49.2,0
236.9,92.0,0.453,2.8,83.8,595.1,2305.1,2,58.7,1
157.7,82.0,0.355,2.5,35.7,629.7,748.5,3,33.4,1
82.1,98.0,0.679,5.8,121.6,515.9,71.7,1,85.5,1
158.6,82.2,0.751,6.7,99.5,35.4,142.9,2,33.3,1
39.6,61.1,0.766,10.5,83.6,133.9,907.0,4,67.6,0
113.8,61.4,0.565,3.6,95.0,42.6,4235.7,5,85.1,1
131.2,107.2,0.595,1.3,113.5,765.5,1467.9,5,73.6,1
21.5,66.7,0.375,3.5,159.3,380.7,138.3,3,25.9,0
39.0,99.9,0.714,1.6,129.6,612.7,301.9,0,91.1,1
25.6,68.6,0.692,13.5,97.9,1089.5,1820.5,2,22.4,0
173.4,78.7,0.646,1.8,129.0,302.9,2259.9,5,31.0,1
38.8,91.0,0.431,5.0,89.2,495.4,1203.8,3,26.1,0
25.2,63.7,0.514,1.9,67.0,907.9,1290.8,1,68.4,0
33.6,95.5,0.648,4.7,60.4,278.4,84.5,0,79.6,0
85.7,92.9,0.724,4.1,78.9,97.0,2166.0,1,34.0,0
57.1,84.9,0.61,5.4,25.3,351.3,1913.0,2,93.3,0
329.4,86.1,0.419,2.1,48.9,197.7,409.8,2,26.1,1
165.8,60.8,0.751,1.1,42.1,1116.0,1530.0,1,40.3,1
32.8,79.0,0.565,10.2,154.6,970.7,340.3,1,54.2,0
167.5,59.8,0.583,2.0,33.8,761.9,99.4,2,79.7,1
33.7,71.9,0.837,14.9,92.6,1046.4,319.5,2,45.1,0
106.0,104.5,0.139,0.8,149.2,965.4,286.1,2,29.4,0
153.1,86.6,0.274,2.9,107.0,228.0,544.5,6,52.2,1
153.8,95.8,0.62,14.4,91.9,1071.6,700.5,3,53.1,1
118.0,86.6,0.48,14.0,125.3,649.5,902.4,5,16.3,0
37.1,65.7,0.16,7.0,72.7,969.9,827.2,1,16.7,0
38.1,87.7,0.402,1.1,51.2,1075.8,428.8,2,37.2,0
123.1,96.5,0.573,17.9,139.4,385.0,85.5,0,74.3,1
288.8,62.6,0.67,3.6,32.6,136.5,1165.0,2,44.3,1
83.3,99.9,0.652,3.2,134.1,277.4,654.5,2,31.9,0
53.8,85.5,0.557,14.3,39.0,515.4,475.7,2,24.0,0
40.8,55.2,0.749,2.5,109.5,982.5,2470.4,2,37.4,0
24.6,83.6,0.544,4.5,89.4,1033.6,1698.0,3,53.5,0
95.8,76.8,0.656,5.2,159.8,13.3,2390.3,4,22.5,0
96.8,71.3,0.555,2.1,77.4,615.3,869.8,9,16.2,1
13.2,97.4,0.658,12.5,154.2,503.8,218.4,3,25.2,1
33.5,104.5,0.753,7.7,79.5,270.4,1479.7,1,74.0,0
167.0,96.9,0.688,4.8,117.0,148.2,326.9,3,52.3,1
44.0,101.6,0.496,3.1,111.9,408.5,748.4,1,50.6,0
235.7,105.0,0.734,14.5,36.7,1131.8,130.7,2,16.6,1
119.7,105.2,0.598,17.0,125.4,391.2,2143.7,2,71.9,0
9.0,61.3,0.694,18.7,53.2,625.0,211.5,5,31.2,0
254.7,80.1,0.377,1.2,77.4,845.1,2850.9,1,22.3,1
23.8,55.0,0.747,16.0,130.6,439.5,2446.2,4,82.4,0
257.7,82.9,0.596,1.4,152.5,1166.3,799.7,3,53.8,1
26.8,105.8,0.358,5.0,100.6,1155.1,1686.8,2,74.9,0
25.5,66.0,0.795,1.8,95.1,305.9,1209.3,2,80.8,0
89.7,90.2,0.441,3.3,93.2,599.2,1999.9,0,92.2,0
195.9,90.4,0.59,1.8,135.2,364.5,728.3,3,64.9,1
138.1,63.8,0.355,13.3,159.1,345.4,1899.1,1,20.5,1
122.6,68.1,0.857,1.9,110.5,49.1,794.9,1,59.6,1
30.8,80.4,0.774,1.9,76.1,733.4,3445.6,0,55.8,0
19.4,65.4,0.706,2.3,54.5,605.7,849.5,0,19.6,0
62.5,87.2,0.631,5.1,51.8,66.5,795.3,1,39.5,0
98.1,81.6,0.677,2.0,140.6,338.0,1894.9,2,48.0,0
90.4,83.6,0.568,4.0,159.0,1090.4,2118.3,3,27.9,0
50.5,62.4,0.841,12.7,119.2,291.3,1020.2,1,15.7,0
146.0,83.4,0.565,0.9,154.0,178.1,287.8,1,75.6,1
39.2,57.7,0.23,2.2,72.2,589.9,806.8,1,83.1,0
36.0,103.5,0.907,14.5,109.7,1182.9,4183.1,1,33.3,0
33.9,73.9,0.708,4.1,94.1,294.3,1728.0,2,15.3,0
140.2,102.1,0.682,5.0,90.1,808.2,2050.2,1,86.2,0
14.6,93.6,0.729,15.2,110.4,915.1,90.1,3,25.7,1
60.2,97.1,0.614,1.4,66.9,289.0,807.0,1,47.3,0
100.2,72.3,0.651,2.2,111.5,875.2,1298.3,1,44.3,1
39.5,67.5,0.664,4.9,115.8,444.5,2176.6,2,28.1,0
185.6,77.4,0.306,22.1,137.9,760.6,110.6,1,62.9,1
172.7,56.3,0.775,3.4,123.6,762.1,2346.2,4,88.5,1
13.5,105.5,0.673,4.1,68.2,645.3,1004.0,1,56.1,0
352.6,76.3,0.657,23.9,85.9,112.9,313.7,4,92.8,1
271.9,109.4,0.714,24.2,41.3,1003.2,508.0,6,30.3,1
17.8,96.9,0.933,5.6,59.7,388.3,447.4,2,82.9,0
43.2,59.4,0.821,11.9,95.3,227.9,958.2,1,35.6,0
236.9,91.3,0.939,1.1,38.6,53.7,113.7,3,35.0,1
28.7,69.9,0.415,11.0,102.0,711.1,257.1,2,24.4,0
8.5,68.4,0.503,1.1,77.7,814.7,2060.0,3,84.1,0
176.5,69.1,0.64,3.9,29.7,24.8,220.7,1,73.0,1
140.0,105.4,0.714,5.8,83.7,617.0,368.9,4,42.3,1
140.1,82.5,0.923,0.8,63.0,275.7,774.8,2,43.0,1
152.7,91.8,0.165,2.3,34.0,776.0,923.6,2,82.6,1
20.6,70.5,0.926,1.2,64.6,213.4,1780.7,3,89.2,1
39.5,83.8,0.397,16.2,64.7,830.7,761.6,3,63.2,0
141.3,74.3,0.329,2.0,72.9,467.1,1922.0,3,47.5,1
281.5,72.7,0.881,7.3,74.5,1124.4,1205.9,2,19.3,1
51.5,68.6,0.244,24.5,83.0,169.3,194.0,4,25.1,0
242.0,77.5,0.698,2.7,37.4,412.6,254.0,3,26.3,1
309.0,91.3,0.515,13.4,25.7,140.6,739.4,0,37.1,1
112.1,67.2,0.581,4.7,124.4,1110.0,656.8,3,35.6,1
42.7,108.1,0.525,4.9,70.5,1053.4,1683.0,4,58.4,0
135.1,61.9,0.495,5.8,107.8,313.2,1093.1,1,90.5,1
98.8,81.4,0.383,16.1,66.4,793.7,639.5,4,83.9,1
268.3,59.7,0.387,9.1,157.9,981.6,274.7,5,55.7,1
20.3,56.2,0.18,2.4,67.6,668.5,358.7,0,16.4,0
94.0,105.7,0.345,16.3,106.7,637.9,1078.2,3,20.5,0
16.7,99.6,0.568,2.6,54.7,294.0,710.8,1,83.8,0
151.2,93.2,0.551,4.1,94.9,116.3,918.1,0,37.7,1
339.1,102.6,0.554,3.4,103.2,1077.2,274.6,1,40.4,1
16.8,99.2,0.269,11.8,49.7,1081.0,1354.9,2,26.2,0
75.3,90.6,0.401,1.5,41.7,761.6,2347.0,1,32.8,0
39.9,101.6,0.427,11.3,156.4,410.1,408.0,1,34.8,0
74.2,76.5,0.895,5.8,145.6,422.3,861.6,1,48.0,0
117.0,85.4,0.385,4.5,114.1,872.5,4502.2,5,64.9,1
359.3,97.7,0.408,5.3,141.2,1077.0,536.4,3,43.3,1
126.7,59.7,0.811,24.4,37.9,1065.1,1134.8,2,51.0,1
56.0,102.2,0.799,1.8,123.5,937.0,163.4,2,29.6,1
33.3,63.6,0.368,16.8,63.6,772.2,1167.7,6,19.5,0
140.1,102.5,0.536,2.2,97.8,105.5,162.7,1,42.9,0
165.8,72.1,0.848,2.8,128.2,198.1,3889.9,2,20.0,1
274.8,73.0,0.574,0.7,29.5,1078.8,1559.1,3,39.0,1
208.5,59.1,0.434,4.4,118.8,729.7,1912.3,3,82.0,1
37.0,103.7,0.358,2.0,83.7,16.0,1511.3,3,44.4,0
169.4,64.6,0.803,2.3,84.4,126.3,1119.1,5,30.5,1
52.9,89.7,0.518,23.6,147.5,797.9,767.2,1,87.2,0
61.4,90.4,0.36,7.6,141.1,11.0,2395.5,0,66.1,0
36.2,70.5,0.277,3.7,32.8,197.2,3821.3,4,94.1,0
144.5,109.2,0.687,20.9,108.5,660.7,879.5,0,39.0,0
50.4,58.5,0.671,1.8,83.8,831.8,3267.7,2,31.0,0
22.8,88.4,0.545,10.1,40.9,784.1,1100.6,3,38.8,1
35.3,81.4,0.792,3.3,139.9,273.0,977.6,0,80.0,0
214.6,68.5,0.544,17.6,34.7,856.1,777.2,1,27.1,1
48.9,64.0,0.713,15.1,29.3,288.5,331.8,2,34.3,0
90.9,95.5,0.739,5.6,51.7,393.9,54.5,0,71.1,1
6.8,105.4,0.395,1.9,66.0,897.1,381.7,4,74.0,1
47.7,60.9,0.459,3.8,33.2,781.3,905.3,5,91.7,0
118.7,65.7,0.634,11.8,111.6,1019.8,623.6,5,93.4,1
45.6,109.2,0.81,20.7,84.0,790.8,764.1,3,68.1,0
97.0,55.8,0.884,4.2,80.6,684.1,4784.0,4,44.0,1
45.5,83.0,0.455,2.3,44.6,116.9,567.4,6,51.2,1
21.7,83.4,0.789,12.4,84.1,444.4,772.2,2,50.1,1
39.4,69.5,0.786,4.1,77.7,321.9,222.0,5,46.0,0
169.5,91.5,0.825,5.7,76.8,296.6,109.0,1,42.1,0
71.6,107.0,0.694,1.2,54.5,1167.7,1842.2,3,28.4,1
26.5,79.8,0.72,1.4,37.7,474.8,1064.7,1,44.3,0
147.9,96.2,0.918,6.7,60.2,1071.0,1766.1,2,92.5,1
25.7,90.5,0.618,18.3,115.1,759.2,244.8,1,85.6,0
29.5,81.0,0.743,0.5,34.8,954.8,1067.9,3,64.4,1
92.1,57.7,0.785,8.7,76.6,605.7,401.1,1,30.4,1
173.5,95.8,0.59,1.3,94.4,694.4,360.6,2,85.3,1
141.5,75.0,0.659,4.4,155.0,593.6,63.9,3,39.9,1
99.2,67.3,0.65,20.8,138.9,238.3,217.6,4,58.7,1
27.7,107.2,0.763,2.1,148.7,868.3,494.0,4,87.9,1
48.8,97.5,0.497,5.6,135.7,340.5,199.2,3,41.8,0
24.6,107.9,0.885,3.5,104.5,34.1,5160.4,0,88.1,1
28.4,69.1,0.777,9.8,141.2,776.3,492.9,0,33.8,0
276.7,101.0,0.816,23.0,101.3,216.6,217.6,2,89.3,1
96.6,88.4,0.739,3.3,73.3,1128.8,316.4,1,43.7,1
18.1,109.0,0.93,2.3,75.3,1144.9,1113.2,2,45.0,0
22.5,107.0,0.53,10.6,101.3,1098.3,129.4,1,59.2,0
26.5,108.5,0.148,5.2,134.3,447.3,2430.4,2,42.8,0
131.4,107.3,0.246,21.1,43.0,23.5,3958.5,0,51.0,0
175.2,55.4,0.447,1.7,30.3,1114.3,390.0,3,55.1,0
67.6,95.8,0.51,2.7,131.6,516.7,767.6,2,54.3,0
42.7,70.0,0.75,16.5,112.4,1160.2,76.9,3,91.9,0
34.6,93.8,0.432,4.8,135.9,1156.5,1278.4,3,37.5,0
121.4,108.9,0.505,2.0,156.9,1024.3,691.2,1,37.8,0
154.2,57.2,0.627,4.1,58.9,356.9,427.7,3,82.0,1
207.4,86.2,0.664,21.1,51.2,465.2,328.1,0,46.4,1
21.2,95.4,0.928,6.5,71.0,1022.1,1323.7,3,20.9,0
242.9,68.9,0.548,24.5,143.5,383.7,695.9,0,53.5,1
74.7,67.4,0.409,5.9,26.9,207.5,287.6,3,59.0,1
171.9,58.3,0.594,22.5,26.4,670.4,1452.0,2,64.4,0
155.6,60.2,0.751,3.7,54.3,1123.7,1049.1,3,33.8,1
60.1,91.1,0.764,2.5,75.7,836.8,2398.0,1,92.9,0
62.1,82.8,0.8,4.9,65.8,686.2,200.0,4,74.0,1
90.5,56.7,0.667,12.3,136.4,121.1,1898.3,2,72.6,1
50.1,108.3,0.152,8.5,118.1,739.9,1393.3,2,84.8,0
81.2,91.1,0.93,2.8,138.1,1188.1,196.6,0,17.1,1
146.7,83.4,0.6,7.0,76.8,172.4,1474.2,2,64.1,1
160.0,70.0,0.713,4.3,105.4,624.4,749.1,4,80.4,1
20.6,91.2,0.843,1.0,94.6,1053.5,3530.2,1,17.7,0
55.1,75.0,0.296,1.1,89.1,890.2,233.2,6,75.5,1
261.1,93.6,0.76,5.1,63.9,837.9,1285.5,2,94.2,1
30.5,92.5,0.389,20.8,120.7,844.5,627.5,1,62.5,0
178.2,60.1,0.413,3.5,95.7,434.6,3820.7,0,49.0,1
70.0,105.0,0.455,2.1,35.6,355.8,530.5,1,51.3,0
170.3,81.8,0.855,1.5,25.1,972.2,3980.1,3,69.4,1
120.7,76.6,0.543,12.0,27.7,973.1,2831.1,2,60.6,1
301.1,107.6,0.613,3.1,35.3,1041.2,428.3,2,78.0,1
183.1,79.1,0.677,3.4,75.1,1096.3,2002.8,2,48.7,1
153.9,94.7,0.635,4.4,66.3,616.1,6562.5,5,48.4,1
12.8,91.0,0.881,11.5,46.1,604.3,399.5,0,74.7,1
9.4,64.1,0.643,1.0,94.6,959.0,738.9,1,66.6,0
94.6,109.5,0.332,4.6,156.0,781.7,931.2,4,77.2,0
39.9,80.5,0.868,14.3,46.7,843.9,469.4,3,86.0,0
135.3,76.7,0.93,24.3,58.8,956.0,68.5,2,36.1,1
35.6,105.6,0.632,4.9,87.4,1068.6,348.4,1,40.2,0
23.4,84.1,0.768,2.4,111.5,408.9,447.4,1,57.2,0
74.2,93.8,0.59,5.3,106.0,453.8,753.5,1,89.4,0
23.7,101.5,0.505,22.2,95.4,117.3,275.2,0,81.8,0
161.2,68.0,0.893,3.3,124.5,696.0,2528.7,2,52.5,1
78.0,64.3,0.758,3.3,139.2,48.0,1514.6,0,60.8,0
23.5,58.8,0.251,3.8,159.9,561.4,156.9,2,72.0,0
154.8,104.3,0.484,10.5,87.8,653.5,1310.1,2,56.8,1
96.5,66.0,0.629,4.7,159.3,347.4,1322.4,1,22.9,1
88.3,71.9,0.399,13.3,123.6,711.0,3804.3,1,43.2,0
99.2,70.7,0.453,5.4,113.7,41.4,53.6,3,18.8,1
45.1,71.8,0.726,11.9,111.4,49.6,391.9,3,68.6,1
354.1,91.7,0.24,1.2,148.0,988.0,3203.8,2,42.0,1
10.9,107.5,0.583,16.4,153.0,435.4,3278.3,3,74.1,0
21.2,73.1,0.85,1.4,49.1,156.8,1580.1,1,49.4,0
91.8,77.4,0.856,0.9,91.6,629.1,1791.7,3,18.6,1
36.3,97.4,0.877,13.6,152.1,925.1,165.1,4,45.4,0
230.5,78.8,0.482,4.5,76.6,262.9,915.5,3,32.5,1
35.1,105.9,0.949,0.6,56.4,749.4,366.1,0,32.1,1
16.5,82.7,0.591,10.5,38.9,107.0,289.9,1,45.2,1
174.8,74.1,0.98,1.1,105.6,66.8,2044.8,2,93.3,1
90.7,108.4,0.278,2.8,119.5,640.0,224.1,2,91.8,0
281.5,78.4,0.641,1.5,51.4,651.1,808.8,3,79.3,1
169.5,67.7,0.431,9.2,115.9,766.7,3398.0,1,34.6,1
68.6,64.8,0.539,3.4,146.4,872.7,296.7,2,76.1,0
174.0,109.7,0.442,1.7,57.9,1171.1,4629.7,2,16.2,1
333.3,96.4,0.67,13.4,41.5,622.0,6248.2,2,19.5,1
98.0,77.5,0.659,0.7,137.8,390.9,1023.3,1,81.9,0
93.7,100.4,0.645,14.8,148.7,955.2,273.8,4,60.1,0
67.9,85.1,0.207,1.5,54.0,328.6,505.9,4,44.9,0
31.6,72.5,0.345,5.1,122.4,529.6,713.0,2,74.2,0
296.6,95.9,0.946,3.5,104.8,98.8,494.1,1,24.1,1
16.1,96.0,0.702,21.9,57.3,35.3,445.3,3,37.9,0
4.8,82.5,0.526,12.0,136.2,1155.4,4350.5,3,73.2,0
81.6,57.5,0.62,4.9,88.5,1004.0,249.8,1,31.6,1
132.0,59.2,0.604,1.2,119.5,836.7,1636.1,3,63.1,1
55.7,98.4,0.393,2.1,65.7,493.7,50.5,5,50.8,1
109.7,100.3,0.341,24.6,135.1,212.1,1138.2,3,31.2,0
351.2,92.3,0.389,22.4,60.7,191.9,3021.5,2,86.1,1
293.2,101.1,0.85,2.5,74.2,304.0,457.5,3,49.8,1
26.8,94.6,0.667,2.5,77.8,661.3,296.3,0,62.9,0
41.1,104.3,0.665,0.5,52.9,858.9,1315.6,1,35.2,0
98.9,63.3,0.769,1.1,143.0,793.9,1546.3,3,42.7,1
50.1,76.3,0.942,4.8,40.3,339.5,1447.8,3,18.9,0
136.8,80.5,0.396,12.8,101.0,1146.1,511.6,3,53.7,1
64.6,71.4,0.564,18.9,134.9,886.8,398.7,4,42.6,0
133.6,94.9,0.396,8.5,103.4,667.5,3796.1,1,41.4,0
67.7,105.2,0.817,1.7,69.1,736.0,3131.4,1,86.2,0
28.6,77.7,0.485,1.5,130.5,506.4,783.5,0,71.3,0
79.8,106.8,0.428,5.6,92.4,301.0,2296.5,2,51.6,0
48.4,83.4,0.755,4.4,47.0,430.4,772.5,4,30.6,0
232.5,83.7,0.627,1.3,67.8,910.6,712.8,1,92.9,1
110.0,88.0,0.184,4.7,104.9,22.2,254.6,3,21.0,1
59.8,69.8,0.748,3.6,113.9,143.7,717.0,3,25.9,0
116.0,76.1,0.829,2.1,99.0,60.0,975.1,1,36.6,1
121.4,85.4,0.621,19.6,61.7,53.7,77.3,2,91.4,1
98.9,106.8,0.316,20.4,105.2,1027.3,754.6,3,37.3,0
25.4,90.3,0.449,2.1,69.9,845.9,1874.4,4,54.3,0
64.0,73.3,0.503,1.9,55.4,571.6,1417.5,2,75.9,0
50.6,55.6,0.543,16.9,152.6,121.9,1259.9,5,89.3,0
25.4,109.0,0.507,5.5,67.5,592.5,2933.6,2,63.4,0
128.9,82.1,0.767,20.0,70.3,570.8,71.8,6,45.7,1
25.5,106.6,0.793,5.8,146.1,212.0,1027.2,1,93.8,0
50.3,85.2,0.827,19.6,44.3,523.5,1907.7,2,17.1,0
246.3,88.3,0.709,11.6,103.9,481.2,985.3,2,81.6,1
299.1,94.2,0.816,2.7,130.8,740.9,519.7,3,37.2,0
71.4,72.7,0.519,4.0,61.9,763.9,225.8,4,80.4,1
29.7,93.4,0.663,4.9,139.0,59.1,2672.4,1,28.0,0
165.1,84.0,0.765,21.3,128.9,452.7,813.6,1,42.7,1
30.1,92.0,0.838,9.1,90.6,752.9,2575.6,1,19.5,0
90.7,101.0,0.763,5.3,41.0,606.2,1107.8,3,31.0,0
33.3,65.1,0.898,3.0,156.0,1028.5,1395.7,2,63.2,1
7.3,88.7,0.544,3.0,109.3,792.1,2007.2,3,75.9,0
157.8,57.9,0.834,18.1,94.8,199.7,1341.6,2,87.9,1
48.3,60.6,0.361,1.4,144.5,89.3,659.1,4,24.6,1
15.3,92.1,0.615,2.7,81.9,772.7,915.0,6,26.2,0
354.7,58.9,0.899,14.0,101.1,36.7,1999.7,2,90.1,1
29.2,87.7,0.796,2.6,140.9,705.0,611.4,3,76.3,0
74.7,67.1,0.902,0.8,78.1,1128.6,639.5,5,58.2,1
50.8,71.7,0.644,14.7,129.3,692.7,170.7,1,53.1,0
117.7,62.1,0.458,19.0,59.6,468.9,3002.3,3,27.6,1
46.0,68.7,0.777,0.6,119.8,773.7,164.5,0,45.3,1
137.0,100.2,0.703,0.6,93.9,552.6,1303.7,4,44.8,1
61.6,90.1,0.76,1.4,47.3,657.0,689.7,2,66.9,1
326.8,107.2,0.827,2.8,43.4,1130.1,674.3,1,62.9,1
126.7,57.7,0.426,2.0,86.8,466.4,1415.6,4,19.8,1
192.3,98.6,0.26,17.5,121.0,1153.6,133.3,3,82.9,1
18.1,93.4,0.786,1.6,106.4,1086.9,1130.8,5,90.0,0
117.9,69.3,0.84,4.2,140.4,239.0,1824.3,1,77.4,1
324.8,95.1,0.87,5.4,77.6,87.9,2163.8,2,29.3,1
36.5,94.4,0.931,1.2,138.9,125.4,274.4,3,28.8,1
179.4,80.3,0.407,9.2,30.0,26.8,2782.5,0,73.1,1
15.3,92.9,0.728,9.7,74.4,117.9,1331.0,4,50.3,0
16.8,79.5,0.383,4.2,34.9,821.2,2613.0,1,77.3,0
50.5,73.5,0.738,4.0,149.1,90.1,847.0,0,21.0,0
22.7,80.7,0.883,0.7,89.2,386.2,987.2,3,72.3,1
316.5,104.2,0.787,16.9,67.7,1014.6,3066.5,2,48.9,1
101.8,76.2,0.679,4.2,91.5,32.8,2812.0,1,17.5,1
34.1,77.2,0.75,10.8,96.9,978.3,763.4,1,58.6,0
53.3,88.5,0.839,4.2,139.2,341.8,434.9,0,70.9,0
31.2,96.4,0.242,17.1,98.2,146.2,649.4,0,57.3,0
159.8,95.4,0.711,7.9,83.2,837.6,638.8,3,24.8,1
8.0,56.1,0.695,3.7,154.8,756.6,455.7,0,80.3,0
9.2,92.8,0.72,4.1,155.8,1053.6,425.3,1,40.4,0
16.3,79.8,0.595,22.8,30.2,883.4,2418.5,2,88.7,0
45.9,83.8,0.651,12.2,120.4,965.2,136.9,6,87.6,1
116.8,85.9,0.746,2.0,75.2,342.0,1408.4,2,31.0,1
217.0,95.2,0.286,2.4,116.2,217.0,277.7,1,53.1,1
301.5,100.7,0.739,2.0,111.0,902.0,556.8,1,26.0,1
32.1,90.5,0.371,1.2,69.6,969.2,126.2,4,69.2,0
348.7,86.0,0.677,1.8,158.2,1188.7,427.6,3,83.2,1
208.3,75.6,0.836,1.6,73.2,498.1,1805.4,2,66.9,1
57.5,62.6,0.741,1.3,110.3,449.6,2645.5,4,35.8,0
158.2,107.7,0.749,4.6,134.8,932.8,350.5,1,21.1,1
129.1,80.4,0.701,10.8,44.6,412.3,797.3,4,20.5,1
60.3,86.1,0.754,6.4,65.6,1117.3,812.6,1,63.9,0
18.5,96.3,0.607,10.9,51.9,1030.8,2531.7,0,91.3,0
32.6,58.8,0.741,19.7,130.5,517.6,1776.6,1,70.6,0
210.5,102.0,0.546,5.4,133.2,902.3,913.6,1,73.5,0
16.4,98.8,0.818,7.7,59.6,906.7,1383.1,1,41.3,0
139.0,97.6,0.674,1.2,25.6,128.2,2305.6,0,61.9,1
120.1,56.2,0.908,4.1,82.2,1083.6,61.5,4,40.3,1
48.3,84.0,0.761,5.8,117.8,608.8,668.8,4,87.1,0
56.3,58.0,0.722,21.6,109.0,992.6,2903.3,5,25.6,0
53.9,85.3,0.871,8.5,85.2,387.5,1667.9,4,65.6,0
113.8,94.5,0.548,1.9,65.8,1075.2,989.3,2,73.5,0
154.7,61.7,0.542,4.4,89.0,470.1,955.1,3,70.9,1
266.2,93.2,0.626,2.6,27.0,18.0,562.8,3,35.6,1
334.4,79.7,0.757,1.2,35.0,1086.9,932.1,2,53.9,1
138.8,99.6,0.937,2.2,47.0,114.1,1328.4,2,68.1,1
11.4,84.3,0.821,18.0,109.4,386.6,700.3,1,89.5,0
40.6,73.5,0.496,24.4,54.5,1140.3,1552.8,1,55.0,0
259.2,73.3,0.556,24.5,82.2,1141.0,2419.9,4,39.0,1
27.6,104.4,0.519,17.3,108.9,690.3,251.7,2,45.9,0
124.3,79.9,0.527,5.5,137.1,760.0,770.8,3,58.3,1
98.9,77.3,0.49,1.1,99.2,540.9,679.1,0,93.1,1
257.3,57.2,0.804,19.8,48.9,355.4,1445.6,1,65.3,1
28.1,75.0,0.178,2.7,153.5,397.8,395.0,1,27.4,0
166.6,101.7,0.774,5.5,37.2,808.7,1276.8,1,82.5,1
19.1,96.9,0.264,0.8,74.6,904.1,2569.5,2,29.5,0
17.0,67.2,0.406,0.8,149.4,950.9,699.8,3,18.1,1
241.0,77.7,0.713,11.2,106.3,948.6,2953.2,4,23.0,1
257.5,65.8,0.631,2.3,114.5,114.0,6032.6,0,77.9,1
69.3,107.5,0.858,4.3,65.7,595.8,184.6,1,87.2,0
94.7,87.9,0.724,16.0,35.6,73.8,368.4,2,36.5,0
36.5,96.5,0.87,1.9,74.4,661.7,3654.0,0,54.8,0
177.7,94.3,0.678,3.7,79.3,532.6,3863.5,3,62.8,1
114.1,103.1,0.442,1.8,61.5,1065.8,173.4,1,48.5,0
51.8,107.2,0.534,21.4,54.1,424.3,68.1,1,20.2,0
25.3,56.8,0.865,3.7,73.0,144.9,260.8,1,19.5,1
30.2,108.6,0.661,14.7,111.3,175.9,6679.6,2,50.2,0
57.5,102.9,0.502,1.0,153.1,915.0,288.1,1,78.8,0
19.8,76.1,0.657,5.0,120.0,743.8,887.9,2,21.8,0
106.2,101.0,0.619,5.1,130.2,125.8,2314.0,4,31.5,0
13.9,95.5,0.344,2.6,66.3,105.5,74.7,0,36.6,0
21.1,98.6,0.491,21.9,39.1,842.7,1163.1,2,59.7,0
91.1,67.1,0.809,5.7,64.4,92.0,439.3,1,18.5,1
312.6,90.7,0.719,5.0,79.4,987.1,2429.5,2,83.8,1
42.9,56.4,0.843,0.6,118.1,849.0,450.0,3,52.7,1
68.3,101.7,0.491,4.9,151.8,102.2,1442.9,3,53.8,0
16.2,107.3,0.874,5.6,134.3,106.4,1395.8,3,41.1,0
172.5,91.4,0.3,19.8,61.0,1184.0,350.5,2,32.0,1
13.2,83.2,0.712,4.8,135.7,452.3,92.5,2,44.1,0
116.2,94.9,0.784,3.3,80.6,447.9,681.6,1,88.1,0
121.6,72.9,0.614,14.4,48.7,976.3,459.6,2,22.5,1
57.0,89.5,0.779,1.5,87.3,1137.0,2036.4,4,19.9,0
29.8,94.5,0.787,14.5,101.0,1183.3,1983.5,1,24.2,0
51.9,62.8,0.755,6.2,128.1,905.3,782.8,5,77.2,1
212.3,62.7,0.289,5.6,72.2,454.6,1169.2,4,18.9,1
57.4,94.4,0.68,23.3,44.8,104.8,1162.4,0,41.7,0
35.5,78.7,0.573,1.9,37.7,933.7,2156.5,0,49.0,0
95.5,103.9,0.864,2.4,40.2,672.3,714.1,3,55.6,0
43.8,72.2,0.317,4.5,153.3,511.9,436.6,1,15.3,0
215.9,57.3,0.625,5.7,153.5,1088.1,419.5,1,53.9,1
14.4,90.7,0.619,1.6,155.8,137.9,971.9,3,30.6,0
24.3,92.6,0.428,4.2,65.8,593.7,765.5,4,22.8,0
130.6,85.4,0.854,15.8,50.9,18.6,746.0,2,57.7,1
164.3,92.6,0.665,24.5,157.4,565.0,164.7,2,74.5,1
139.2,83.8,0.804,4.3,158.4,72.3,1571.6,5,89.8,1
157.0,93.1,0.579,22.8,35.6,147.0,338.6,6,88.0,1
95.0,57.4,0.479,23.2,126.6,145.4,313.2,0,46.9,1
36.8,75.3,0.403,5.9,64.0,780.8,688.8,2,71.3,1
20.3,66.6,0.612,4.5,147.8,896.5,360.2,3,70.6,0
24.1,60.5,0.641,1.3,37.0,702.1,1102.1,1,48.0,0
26.8,67.9,0.847,3.3,145.0,1154.8,607.2,3,22.9,1
31.9,65.5,0.552,3.9,25.4,453.0,765.0,2,45.6,0
317.6,108.5,0.557,4.9,95.5,346.4,974.5,1,94.4,1
222.5,70.8,0.711,2.5,70.3,1043.0,323.1,1,59.4,1
111.3,67.7,0.194,10.6,82.7,272.2,253.2,3,42.3,1
18.7,100.9,0.724,3.1,83.6,1156.1,2598.5,4,74.5,0
20.4,78.1,0.713,1.2,113.2,19.5,732.4,2,69.9,0
186.9,78.2,0.774,1.0,28.1,1164.0,687.4,5,61.3,1
93.0,79.4,0.793,4.9,118.3,56.6,93.5,2,66.0,1
112.6,77.9,0.772,4.9,28.0,1069.9,876.9,3,61.8,1
131.3,73.0,0.622,16.8,50.0,635.6,1019.4,3,91.5,1
96.7,70.7,0.684,5.2,106.9,1191.6,1032.0,1,55.7,1
18.2,103.5,0.372,1.0,36.7,93.2,1523.2,2,62.2,0
28.8,63.9,0.629,1.7,158.8,666.9,284.5,5,52.7,1
5.5,65.0,0.658,8.5,130.9,1163.3,398.8,4,63.0,0
158.6,86.4,0.469,2.3,120.3,630.1,2047.5,0,86.3,1
14.8,73.9,0.299,0.7,61.1,757.1,3578.8,0,42.2,0
158.3,78.2,0.674,0.8,31.6,836.4,225.3,2,54.7,1
247.4,99.4,0.889,1.2,157.1,548.2,876.1,4,50.9,1
18.9,104.7,0.493,4.7,45.0,754.9,339.2,1,46.8,0
130.1,98.5,0.874,5.8,137.1,703.3,124.3,2,80.7,1
92.6,67.9,0.373,24.6,51.7,1081.9,522.5,1,33.6,1
85.6,108.9,0.638,5.4,75.5,59.3,236.1,0,55.0,1
42.7,75.0,0.896,23.9,118.6,340.8,1535.2,4,89.0,0
31.5,64.3,0.666,0.9,152.6,1140.7,965.6,4,27.9,0
155.0,82.5,0.597,3.5,27.7,1068.9,236.3,1,15.4,1
51.2,94.9,0.724,6.9,60.2,549.5,61.1,4,36.2,0
8.4,59.6,0.829,4.5,128.3,746.1,2031.3,1,88.8,0
41.0,89.9,0.745,2.9,48.4,336.5,282.6,0,22.0,0
84.6,102.2,0.499,22.4,40.0,229.8,1168.3,3,26.0,0
99.1,69.4,0.857,18.4,31.2,559.1,543.0,0,40.6,1
107.5,93.1,0.722,1.8,92.8,427.3,1106.8,3,76.6,1
223.0,77.0,0.515,10.6,128.6,702.5,505.1,3,75.1,1
179.1,77.8,0.547,16.2,154.8,97.9,159.1,1,22.0,1
49.8,70.4,0.564,1.3,61.1,1169.4,352.7,5,89.7,1
46.5,89.3,0.685,2.1,41.4,1183.5,300.0,1,34.1,0
225.9,74.9,0.297,4.1,79.3,839.3,720.4,1,37.5,1
111.3,100.7,0.847,5.7,32.5,645.6,1338.5,0,45.9,0
73.3,108.0,0.937,1.2,69.7,374.9,417.5,2,65.8,1
201.0,106.4,0.765,5.3,111.8,977.5,64.6,3,56.7,1
122.0,64.0,0.448,0.5,47.7,823.3,928.1,0,89.3,1
37.5,55.8,0.787,5.6,110.3,199.3,1167.0,0,60.2,0
43.5,79.1,0.578,6.0,156.2,1093.6,4002.0,0,83.6,0
297.8,95.1,0.542,9.3,141.7,987.9,1118.4,2,21.3,1
352.0,108.8,0.61,21.8,73.2,1140.0,814.5,1,83.5,1
36.5,98.1,0.789,0.5,81.9,872.2,1072.3,4,30.8,0
170.6,86.9,0.482,3.7,81.6,738.0,3205.7,1,44.0,1
20.9,56.4,0.708,5.1,141.1,504.8,2165.0,7,40.6,0
120.7,100.4,0.898,2.6,159.2,1119.6,518.1,0,42.0,0
58.5,64.7,0.751,6.1,136.5,1039.9,375.0,2,88.5,0
193.2,58.1,0.462,3.4,100.3,59.0,415.6,2,50.3,1
95.5,101.8,0.631,18.6,38.1,36.5,892.4,3,36.4,0
182.9,86.1,0.414,4.9,153.9,454.9,1685.3,0,38.6,1
44.3,62.1,0.418,1.0,141.1,973.6,889.5,3,79.3,0
97.4,76.3,0.44,4.8,138.6,1184.8,134.2,1,58.1,1
139.7,59.7,0.477,4.9,77.9,184.7,1593.0,1,51.0,1
178.7,90.1,0.403,1.0,85.4,715.0,2017.7,0,89.1,1
26.5,70.5,0.782,14.7,41.2,460.2,460.1,2,89.4,0
32.4,102.6,0.827,22.2,151.6,1164.0,1359.2,2,75.5,0
57.9,74.7,0.739,3.2,152.3,1011.3,717.4,8,56.4,1
43.3,82.2,0.614,1.7,59.3,1006.8,2689.2,1,24.3,0
127.4,58.5,0.793,22.9,119.0,565.1,2288.9,2,71.6,1
278.1,70.2,0.557,23.4,52.5,500.7,944.4,0,80.2,1
39.9,92.2,0.552,4.9,78.0,331.7,1461.3,3,83.2,0
24.0,95.5,0.88,4.2,65.8,72.4,2628.3,2,61.5,0
56.8,68.4,0.884,2.9,77.6,1038.3,871.5,3,64.3,1
37.7,82.7,0.621,2.2,66.7,976.4,500.9,1,71.7,0
49.4,100.0,0.46,3.2,71.6,1199.7,1731.3,1,84.9,0
167.1,75.9,0.752,3.6,131.8,1196.0,348.3,2,18.6,1
157.0,62.4,0.709,1.1,65.5,668.7,640.3,3,60.1,1
116.9,78.8,0.477,4.6,135.0,923.9,2459.5,1,44.5,1
156.2,88.0,0.609,12.3,101.7,1134.0,1596.7,3,81.7,1
166.8,55.4,0.741,4.0,130.4,1020.3,670.6,3,25.7,1
178.2,74.2,0.633,1.4,149.1,300.6,340.1,1,87.8,1
16.9,88.4,0.967,13.8,43.7,543.4,578.0,4,24.9,0
151.7,107.4,0.369,2.9,71.4,159.3,451.1,2,22.1,1
54.0,77.5,0.857,3.5,32.5,1145.1,282.4,2,42.7,0
166.0,64.0,0.266,2.9,79.9,729.4,1682.0,0,94.6,1
54.6,84.4,0.613,5.6,57.0,278.2,398.5,2,65.7,0
59.0,70.7,0.945,5.0,102.2,807.7,776.5,5,17.1,1
122.3,66.8,0.812,18.4,130.8,743.7,635.0,2,34.9,1
147.5,87.5,0.437,0.7,90.7,433.0,4876.0,3,26.9,1
80.7,105.4,0.783,0.9,70.0,140.7,645.3,4,15.1,1
51.0,100.9,0.941,7.0,45.6,807.5,150.0,4,56.2,1
31.5,65.0,0.7,9.5,28.6,626.8,162.9,2,45.5,0
3.3,97.1,0.607,3.1,116.5,927.9,1122.1,1,64.1,0
168.7,67.6,0.501,2.6,29.1,626.6,1147.6,2,32.3,1
11.7,71.0,0.751,15.8,149.3,1023.4,701.1,2,81.5,0
55.3,105.6,0.444,1.9,105.2,664.5,728.4,1,45.7,0
240.7,105.1,0.22,2.6,72.7,675.3,116.5,3,53.6,1
132.5,64.3,0.74,12.5,30.7,1052.6,922.2,5,73.6,1
343.7,58.5,0.411,23.3,80.8,487.2,893.2,3,28.3,1
129.8,71.1,0.525,5.2,142.1,165.1,244.4,0,36.0,1
45.0,87.0,0.387,24.0,155.9,39.4,181.6,2,27.4,0
133.1,103.2,0.892,5.8,36.5,907.4,208.3,0,76.4,1
135.0,61.5,0.513,3.6,129.9,746.3,177.8,3,22.8,1
13.5,77.8,0.952,6.0,59.9,846.4,1179.0,4,54.1,0
215.6,69.9,0.779,4.0,76.2,259.5,312.5,3,75.0,1
290.0,55.8,0.52,0.7,98.9,168.0,397.5,4,55.6,1
55.5,98.4,0.414,2.5,159.3,22.4,278.8,2,55.7,0
55.1,99.7,0.562,5.0,53.2,424.0,3849.4,2,20.1,1
29.7,67.2,0.701,15.2,42.6,710.0,2364.1,3,77.6,0
19.6,63.3,0.514,14.3,105.3,473.7,364.4,4,63.3,0
208.8,63.0,0.568,5.5,140.2,527.8,526.2,2,68.4,1
77.5,80.5,0.684,0.9,112.5,1085.5,332.7,1,76.3,0
70.8,68.6,0.911,3.4,71.9,421.2,862.4,3,59.8,0
27.1,83.1,0.847,3.7,156.9,619.2,73.8,5,55.7,1
55.0,76.2,0.807,4.7,159.3,941.5,1385.4,1,68.1,0
357.9,66.6,0.441,23.5,129.0,478.9,938.7,2,87.0,1
259.1,96.3,0.802,3.2,133.3,748.4,2796.9,3,66.1,0
33.8,63.3,0.671,2.4,127.7,1035.5,265.5,2,78.1,1
27.6,98.9,0.58,1.2,59.8,1139.7,2006.2,5,53.4,0
41.7,85.9,0.146,23.7,45.3,180.8,1934.0,4,62.2,0
20.1,100.8,0.444,3.3,99.8,1112.3,213.2,3,29.4,1
167.7,55.3,0.414,1.1,153.8,593.1,660.1,4,54.1,1
28.6,96.2,0.581,1.4,143.6,313.6,273.8,1,26.9,0
35.8,57.8,0.408,2.6,39.4,553.7,402.8,1,52.4,0
212.5,107.3,0.703,14.2,32.7,1176.1,416.6,0,20.2,1
33.6,93.7,0.293,5.6,143.0,593.7,1025.0,1,61.1,0
20.7,72.6,0.878,10.1,107.8,397.9,686.0,3,37.9,0
31.0,72.6,0.689,3.6,66.1,761.9,3591.7,1,82.3,0
16.7,102.4,0.257,15.2,100.8,292.0,212.1,3,45.1,0
332.1,104.7,0.613,1.5,54.9,95.7,4415.5,1,88.4,1
103.9,104.0,0.837,18.2,152.8,159.0,364.6,4,52.8,0
280.7,99.5,0.416,5.7,136.7,158.0,1828.7,1,82.9,1
36.0,100.0,0.892,24.0,154.9,186.5,546.7,0,38.8,0
108.1,86.5,0.536,18.2,50.3,170.9,235.3,1,51.1,1
137.7,56.6,0.839,2.9,138.9,770.8,2391.4,2,65.7,1
9.2,59.8,0.632,1.0,100.6,222.3,493.3,2,35.7,0
29.2,90.7,0.635,2.8,68.9,418.1,1340.5,6,67.6,0
35.0,77.1,0.529,2.9,89.8,1076.7,1052.9,3,38.1,0
42.4,86.2,0.856,5.9,152.5,571.4,815.8,2,53.7,0
24.0,67.7,0.595,1.8,118.3,802.7,871.8,2,16.9,0
22.9,90.7,0.566,4.9,73.6,210.9,1631.2,0,21.3,0
38.0,68.4,0.559,2.7,160.0,234.8,160.2,3,33.2,1
46.4,80.3,0.442,2.7,71.7,53.8,1373.8,2,79.5,0
54.9,81.3,0.805,2.6,134.9,206.9,2763.9,0,67.8,0
37.6,64.8,0.535,18.9,130.9,337.9,121.4,6,86.5,0
84.8,103.2,0.516,4.2,122.6,216.5,231.9,2,87.4,0
89.5,83.9,0.579,1.4,115.4,111.0,1563.2,0,45.0,0
257.0,102.7,0.528,16.2,39.7,149.2,740.0,0,44.4,1
83.4,69.4,0.763,2.8,159.3,555.6,670.1,3,81.9,0
23.8,64.5,0.453,4.7,46.7,251.6,226.8,2,49.1,0
58.0,56.0,0.833,4.9,105.5,440.3,898.1,2,83.6,0
101.8,60.2,0.444,2.4,58.6,606.6,212.4,4,55.5,1
39.6,63.1,0.561,4.9,47.8,830.0,826.9,4,49.0,0
112.5,59.3,0.264,11.5,100.5,52.0,1780.8,1,37.3,1
44.7,104.3,0.785,10.0,137.9,960.3,408.5,1,25.1,0
113.7,105.1,0.588,1.3,75.9,755.3,836.5,3,57.1,0
154.4,106.6,0.56,2.9,35.4,102.7,5846.4,2,41.0,1
26.6,107.8,0.63,0.8,109.2,1048.9,1442.5,5,35.0,0
46.0,82.1,0.733,5.3,128.5,1105.4,2259.3,4,28.6,0
37.7,84.2,0.717,21.2,65.0,78.0,693.1,2,46.1,0
31.6,62.2,0.581,20.6,118.2,335.9,1802.5,3,59.5,0
29.7,62.5,0.8,5.0,35.2,968.4,99.6,0,82.0,0
36.8,97.5,0.603,0.8,73.8,899.2,207.4,3,80.6,0
13.6,102.1,0.639,5.6,89.0,225.5,322.4,0,83.4,0
158.9,98.2,0.623,8.0,130.6,255.2,666.9,2,61.1,1
48.6,100.9,0.896,15.0,70.6,447.7,2293.0,4,59.8,0
57.5,70.2,0.601,3.9,86.2,584.0,560.1,3,87.4,0
11.2,80.6,0.309,3.3,109.8,743.8,1325.7,3,38.1,0
18.0,80.3,0.728,19.4,109.3,445.9,1532.6,0,26.6,0
33.5,109.7,0.465,2.2,94.9,557.7,1108.8,1,21.6,0
27.0,107.2,0.356,4.6,69.3,898.2,580.4,1,85.5,0
131.8,87.9,0.752,5.2,115.4,48.8,1082.6,1,44.7,1
78.2,62.6,0.583,1.8,138.0,306.7,552.7,0,54.9,1
23.4,69.2,0.896,11.4,45.8,857.5,155.1,4,79.2,0
56.9,75.0,0.798,11.1,71.0,1074.8,5971.1,0,44.9,0
20.0,103.0,0.889,5.1,115.3,616.5,213.2,0,84.4,0
53.7,64.4,0.84,4.2,127.0,640.9,140.1,3,40.7,1
274.0,67.1,0.417,17.0,130.5,133.1,2579.7,3,73.6,1
300.8,74.2,0.575,1.5,113.2,539.7,481.2,0,68.4,1
47.5,106.0,0.78,4.4,89.6,641.5,1310.8,1,31.1,0
38.1,82.7,0.674,9.7,112.2,294.8,528.8,2,25.0,0
112.4,90.6,0.826,3.0,43.2,326.7,646.0,1,23.9,0
134.6,76.3,0.34,2.4,53.0,455.9,414.8,1,67.1,1
107.6,65.4,0.67,21.4,150.2,29.0,554.2,2,16.0,1
238.0,67.3,0.485,19.6,149.5,389.9,684.6,1,67.9,1
42.4,99.1,0.218,5.9,122.7,257.7,1579.3,0,77.6,0
13.8,104.1,0.152,11.6,69.2,396.4,909.8,1,39.2,0
239.1,82.1,0.39,22.8,112.6,148.1,3499.6,4,74.7,1
80.1,74.6,0.638,4.3,117.9,1069.2,101.3,4,28.2,1
167.8,99.4,0.651,1.4,94.5,714.3,889.2,0,91.8,1
13.3,92.0,0.556,23.7,126.1,816.5,1103.1,3,33.6,0
35.9,57.2,0.675,3.8,29.0,948.1,3083.8,2,54.1,0
95.4,74.3,0.94,4.9,59.6,600.6,110.5,4,93.4,1
14.7,92.5,0.551,6.0,132.3,108.9,1072.6,0,87.6,0
86.2,86.6,0.356,3.8,151.7,646.8,2355.9,1,67.8,0
162.9,108.8,0.893,5.7,143.3,706.3,382.4,1,44.5,1
248.9,102.6,0.8,1.3,121.7,895.8,2557.8,3,71.0,1
37.6,58.3,0.695,14.1,47.3,520.8,73.1,3,51.8,0
4.9,94.9,0.645,1.4,74.8,157.5,1632.2,1,23.7,0
124.2,73.5,0.847,24.6,31.8,344.1,3295.7,4,78.7,1
119.3,92.5,0.403,1.7,111.4,438.9,1334.7,1,84.7,1
291.0,88.9,0.462,2.0,85.7,776.9,743.7,2,47.6,1
32.5,82.7,0.679,2.9,102.4,687.1,105.1,3,68.3,1
224.1,101.9,0.507,1.9,157.2,430.5,3082.6,0,17.4,1
96.2,94.0,0.325,5.2,79.3,1183.9,812.5,1,30.8,0
153.7,103.9,0.451,2.4,66.4,728.9,85.3,4,60.6,1
8.6,70.5,0.855,3.4,45.3,288.5,1454.7,2,36.9,0
41.6,74.1,0.845,1.7,44.4,126.6,839.0,4,90.5,1
151.4,89.2,0.714,2.6,95.0,187.7,209.3,7,82.0,1
49.9,108.2,0.433,16.8,126.1,298.9,339.4,2,67.4,0
20.4,75.4,0.421,1.7,101.2,197.0,130.0,3,94.9,1
41.7,56.8,0.771,2.9,142.9,227.9,1074.8,2,34.5,0
93.5,79.5,0.373,6.2,67.6,345.7,1217.5,2,88.5,0
45.6,84.9,0.555,1.5,105.3,212.2,895.6,1,39.4,0
45.0,99.1,0.509,0.5,114.3,1076.6,2088.6,0,62.7,0
36.1,95.1,0.538,3.7,62.9,100.9,2418.0,2,49.7,1
241.4,108.1,0.529,21.2,78.5,631.8,1197.4,1,50.5,1
22.3,98.0,0.278,4.5,104.8,495.4,65.4,2,76.0,1
107.6,71.4,0.756,5.2,27.8,1178.9,1475.8,0,42.8,0
60.5,90.3,0.775,6.3,144.7,138.9,699.5,3,55.6,0
174.7,92.0,0.802,12.5,40.0,480.4,1050.4,0,31.9,1
137.9,109.9,0.624,22.5,31.4,1163.5,1306.6,1,76.1,1
41.0,62.6,0.748,6.3,54.0,1039.3,567.4,2,59.2,0
50.4,65.5,0.544,4.9,92.8,981.4,3038.1,3,35.4,0
169.1,63.6,0.602,11.3,69.4,313.2,222.6,0,36.3,1
30.7,87.4,0.716,3.7,84.4,209.2,1385.9,5,38.5,0
41.3,62.4,0.827,5.3,36.4,804.0,55.2,1,70.9,1
296.4,91.1,0.642,21.8,56.5,1115.6,3152.8,3,62.6,1
76.8,99.2,0.609,22.7,38.2,670.3,193.2,2,80.8,0
32.5,78.8,0.373,13.1,56.0,688.1,169.6,0,60.7,1
152.1,85.8,0.674,2.6,119.9,339.6,536.0,2,39.5,1
39.8,105.2,0.869,20.2,102.7,924.5,611.3,2,92.0,0
250.7,86.3,0.574,0.7,70.1,228.5,339.4,1,85.9,1
31.3,66.5,0.493,2.7,60.3,391.8,1105.7,1,37.3,0
54.3,73.9,0.658,1.0,159.7,513.4,752.0,2,88.0,1
48.8,84.1,0.399,3.9,128.7,611.6,91.7,2,72.6,0
277.7,63.5,0.678,2.7,136.0,294.7,512.2,3,48.2,1
176.8,88.7,0.718,18.7,28.6,142.2,2045.6,4,52.4,1
52.5,110.0,0.565,2.4,33.0,734.7,1454.3,2,50.7,0
302.4,90.9,0.819,8.8,121.2,349.9,1598.6,6,78.7,1
171.4,75.5,0.596,3.9,50.9,699.6,1487.3,2,29.0,1
141.8,73.2,0.436,2.2,82.5,189.5,497.0,3,19.7,1
25.4,106.2,0.729,5.7,49.9,580.0,176.0,1,54.9,0
165.7,102.9,0.631,5.2,48.9,641.4,431.7,1,38.2,1
4.5,81.0,0.572,5.6,39.7,66.9,2189.0,4,60.1,0
26.2,74.4,0.627,0.8,105.2,407.2,4773.0,3,93.3,0
22.2,94.1,0.697,0.9,124.8,165.6,867.1,2,68.7,1
315.3,72.3,0.883,1.6,32.7,80.7,61.7,2,91.7,1
193.5,61.6,0.757,7.6,62.2,1188.0,231.0,1,73.6,1
180.0,72.1,0.377,1.6,113.9,390.2,516.5,1,21.1,1
171.1,78.9,0.561,19.5,78.0,972.8,1087.0,0,86.1,1
332.4,69.0,0.495,24.5,120.1,309.3,143.7,4,30.9,1
131.9,66.9,0.749,2.2,127.5,819.4,3495.2,1,84.2,1
63.7,55.3,0.833,4.3,29.4,913.5,595.1,2,74.9,1
24.6,89.7,0.45,6.6,76.4,716.8,2974.5,1,82.1,0
58.1,88.8,0.817,2.6,123.4,568.5,1869.8,1,35.3,0
242.1,65.3,0.396,0.7,76.1,497.1,1739.9,1,79.6,1
15.6,106.9,0.652,1.7,25.8,421.9,1169.9,3,63.8,0
145.4,77.5,0.759,23.3,70.4,1115.8,1232.7,0,21.5,1
49.7,56.4,0.357,5.2,142.8,997.6,1269.3,3,86.1,0
25.8,67.1,0.881,2.4,153.5,1158.2,1239.0,2,85.1,0
266.7,93.1,0.685,5.2,100.7,153.5,1018.2,2,60.8,1
18.0,66.1,0.806,3.5,66.4,878.4,5208.5,1,51.2,0
50.8,58.0,0.763,10.9,87.9,1126.3,1631.4,2,47.0,0
129.1,89.0,0.756,0.9,56.9,221.6,1850.4,4,63.2,1
18.4,83.5,0.756,6.0,47.7,84.5,2521.2,2,82.3,0
49.5,96.9,0.427,5.8,91.6,890.6,341.5,2,60.3,0
104.3,97.5,0.475,2.1,124.5,691.5,155.0,2,25.4,1
113.8,107.8,0.39,15.5,55.0,1011.0,841.4,2,39.5,0
165.9,58.1,0.896,5.9,147.8,172.0,916.1,1,68.5,1
155.8,57.1,0.786,4.9,47.7,955.3,2170.6,3,66.7,1
43.9,109.3,0.616,3.3,100.4,245.9,753.9,4,56.5,0
25.9,90.5,0.459,18.9,129.8,200.6,1065.1,3,34.2,0
14.9,94.3,0.823,3.2,53.8,201.3,948.6,1,36.6,0
140.7,60.3,0.37,2.3,65.0,978.4,96.7,3,53.7,1
59.1,58.8,0.612,20.7,32.0,799.9,1196.1,1,46.6,0
114.0,63.8,0.832,14.6,152.4,630.1,2162.6,2,40.3,1
209.0,78.5,0.62,4.9,90.7,433.8,255.7,2,81.4,1
55.6,61.1,0.896,19.4,33.7,1053.3,1132.7,5,55.3,0
44.2,79.5,0.347,5.4,137.1,474.0,1130.5,3,55.2,0
199.5,85.9,0.688,4.5,101.9,980.8,265.2,1,49.2,1
45.8,55.0,0.474,14.5,32.5,529.8,208.1,2,69.5,1
343.9,61.3,0.854,4.0,85.9,455.4,4747.5,5,29.1,1
18.6,75.6,0.454,5.4,83.6,557.9,650.5,0,90.5,0
42.3,57.9,0.682,1.5,44.7,365.1,359.6,1,23.4,0
19.1,62.3,0.547,3.0,81.8,898.4,275.5,4,71.8,1
32.0,67.7,0.663,5.0,63.2,605.8,1371.7,4,71.3,0
65.4,78.6,0.629,6.5,119.5,282.5,1178.2,1,24.1,0
36.6,94.3,0.623,4.1,25.7,1080.0,1287.9,3,94.4,0
293.6,62.3,0.616,3.6,39.4,463.8,160.5,2,17.7,1
28.8,95.6,0.961,1.4,149.0,654.5,2737.9,0,44.2,0
23.1,102.0,0.417,13.3,83.5,1088.2,641.7,4,49.0,0
58.1,90.8,0.439,2.7,48.8,751.0,501.2,1,79.2,1
137.3,57.4,0.783,4.1,132.1,144.7,794.7,4,17.4,1
37.3,79.2,0.679,3.5,140.0,1128.1,643.3,1,59.6,0
323.2,91.3,0.74,19.3,53.5,755.1,2440.4,5,31.3,1
21.5,108.8,0.272,4.1,121.3,405.2,3228.5,0,60.8,0
54.9,107.3,0.878,0.8,108.0,171.4,483.9,3,66.7,1
122.7,76.8,0.726,5.1,125.6,953.9,2443.6,0,17.7,1
123.9,88.9,0.406,15.1,131.4,746.0,1875.3,5,20.4,1
112.3,104.0,0.742,3.5,114.2,642.5,3255.0,1,21.8,0
24.9,100.7,0.659,1.6,154.1,1073.2,388.4,3,83.2,1
157.6,81.4,0.704,9.8,141.7,947.4,1082.3,0,89.1,1
45.3,69.4,0.282,12.9,55.9,186.3,435.1,0,50.0,0
21.9,62.5,0.356,5.8,148.3,377.5,2135.4,2,85.0,0
74.0,81.8,0.487,3.7,73.5,301.9,56.4,6,53.1,1
105.5,94.8,0.746,14.1,123.1,894.0,1048.4,2,47.1,0
51.6,108.3,0.82,2.7,139.5,45.1,547.2,0,57.5,0
36.9,102.4,0.614,18.5,83.9,686.0,517.5,1,78.2,0
20.4,66.2,0.513,5.4,32.0,916.1,1292.4,2,32.9,0
108.9,94.6,0.648,4.8,153.2,1052.7,2338.5,2,39.1,0
63.6,70.9,0.786,0.7,34.8,413.8,1177.5,2,82.9,0
110.8,92.6,0.5,3.8,72.0,986.4,2352.2,3,88.3,0
18.2,91.6,0.45,6.9,105.5,137.2,418.8,0,24.8,0
347.8,70.0,0.585,4.3,40.9,1016.5,929.5,4,71.4,1
130.0,67.9,0.94,2.3,138.2,157.3,768.6,1,15.8,1
167.6,60.7,0.666,14.3,52.5,479.8,64.1,1,34.7,1
23.8,57.8,0.616,11.0,158.1,957.8,1026.5,1,20.5,0
72.8,102.2,0.427,1.4,148.7,184.2,1350.0,4,56.2,0
65.8,57.7,0.663,8.0,106.6,279.0,1125.5,0,42.5,0
279.9,59.9,0.714,1.7,114.1,868.1,1649.4,0,26.0,1
33.9,68.1,0.333,14.3,97.0,865.4,1066.5,3,15.0,0
214.9,103.8,0.47,6.3,77.8,771.2,132.9,2,46.1,1
47.0,73.3,0.454,15.7,72.5,834.3,198.6,4,38.6,0
257.8,65.5,0.751,5.1,145.4,653.6,1139.0,1,18.7,1
97.4,94.4,0.816,20.9,102.8,305.9,435.9,1,83.1,0
17.9,72.5,0.606,5.2,136.1,418.1,149.6,2,47.9,0
145.9,73.3,0.701,9.5,94.4,222.0,723.7,2,77.0,1
29.9,95.6,0.533,17.0,66.4,1090.6,1019.8,2,48.8,0
248.8,68.8,0.676,11.7,37.4,702.2,528.3,2,20.4,1
173.7,104.3,0.605,2.3,68.7,484.0,1579.4,2,46.5,1
2.0,85.9,0.567,8.8,143.8,557.1,1288.6,1,85.9,0
167.5,84.6,0.65,5.4,121.1,1137.0,535.6,3,15.6,1
69.3,69.6,0.702,24.0,131.1,188.3,1737.2,3,86.6,0
41.1,100.9,0.883,3.5,129.4,705.5,1305.3,1,67.5,0
157.1,86.5,0.7,23.6,41.2,609.5,1267.5,0,94.7,1
50.5,63.6,0.923,20.0,46.4,735.7,1017.4,2,88.3,0
353.9,66.3,0.226,20.5,67.8,26.6,63.7,3,84.5,1
14.7,80.8,0.936,0.7,65.6,1047.2,1480.9,2,18.0,1
166.9,97.9,0.298,4.0,33.9,1118.9,616.0,1,37.4,1
15.3,106.7,0.53,2.4,45.7,680.3,3479.5,0,45.0,0
97.5,91.5,0.29,2.5,140.6,837.5,2094.4,4,71.0,0
196.5,82.8,0.88,5.5,104.5,1107.4,1113.2,4,66.9,1
95.8,68.8,0.835,8.2,71.2,850.2,398.7,0,28.7,0
119.4,92.0,0.635,4.7,96.1,187.3,323.4,1,73.9,1
17.8,109.0,0.662,1.6,60.3,693.7,549.3,2,27.5,0
54.7,81.2,0.684,0.6,103.8,730.0,826.8,1,51.5,0
169.2,63.9,0.912,10.6,35.1,511.8,471.3,1,61.3,1
172.8,60.7,0.509,4.1,146.9,885.1,918.2,2,84.7,1
321.3,69.8,0.505,2.1,57.5,1121.6,266.9,4,65.5,0
259.3,86.3,0.591,15.6,135.6,1111.1,4614.5,3,91.4,1
31.0,107.1,0.703,2.0,114.1,543.8,187.0,1,94.6,1
257.7,71.5,0.512,10.9,95.6,140.3,3274.9,2,55.7,1
27.0,71.8,0.66,5.3,150.5,1181.9,2988.2,3,19.1,0
127.6,81.5,0.254,2.3,46.2,1007.5,944.2,2,17.3,0
76.4,105.5,0.68,5.1,41.1,154.0,1598.8,3,83.5,0
18.5,78.0,0.864,20.4,68.5,1105.4,737.3,3,55.0,1
35.3,67.3,0.542,17.4,137.1,1044.5,1243.2,1,44.3,0
20.7,64.0,0.261,9.9,29.8,625.0,549.7,3,37.8,0
32.3,80.1,0.525,13.0,57.3,711.6,480.0,2,37.5,0
318.6,99.0,0.743,22.4,82.3,481.8,1086.0,1,20.8,1
19.9,71.0,0.722,4.5,121.2,70.4,877.3,3,39.2,0
251.1,83.2,0.834,13.5,65.4,405.6,1089.7,2,66.6,1
73.1,88.2,0.565,1.5,85.5,964.4,455.4,6,45.8,0
155.0,79.8,0.868,0.6,70.5,10.5,598.7,4,90.8,1
78.0,65.5,0.68,2.6,37.4,403.5,155.2,3,68.5,1
257.9,105.7,0.941,2.1,124.7,480.8,114.4,3,84.1,1
15.7,86.1,0.564,2.4,87.3,647.2,400.8,8,24.1,1
187.3,95.1,0.565,5.0,134.7,1104.2,142.6,4,51.0,1
55.6,90.0,0.72,3.9,118.8,418.9,181.5,0,18.3,0
32.8,109.9,0.561,14.5,32.8,419.6,2061.5,0,86.6,0
94.5,80.1,0.44,2.7,92.5,886.3,97.6,2,26.7,1
18.2,78.4,0.808,3.9,158.8,545.4,1340.8,5,79.4,0
9.9,74.8,0.74,3.4,66.6,273.4,431.9,4,88.9,1
60.2,74.9,0.572,3.8,91.5,545.7,2512.6,6,50.4,0
28.9,70.2,0.541,3.8,113.0,173.3,846.3,6,46.1,1
161.3,108.9,0.927,24.3,52.3,215.8,487.6,0,63.0,1
139.0,102.9,0.592,5.9,119.8,600.5,924.9,2,74.2,1
5.2,72.4,0.455,1.1,114.1,505.6,627.4,2,66.6,1
143.0,71.8,0.945,2.8,75.6,1098.2,1047.0,1,15.1,1
32.7,60.7,0.858,1.2,63.4,438.1,196.0,2,77.9,1
34.3,103.2,0.883,1.0,149.1,698.8,7017.2,4,26.8,0
54.5,75.4,0.929,4.8,42.1,760.6,715.2,3,51.0,0
151.3,86.5,0.675,6.8,83.3,20.6,563.7,3,37.6,1
118.9,104.5,0.62,20.6,128.5,797.9,1536.3,1,89.2,0
32.1,77.4,0.609,11.9,45.0,217.8,592.9,2,55.2,0
9.0,99.4,0.527,25.0,150.9,1153.5,2199.7,2,56.8,0
151.8,78.7,0.737,1.0,96.0,182.7,776.8,3,21.1,1
63.6,93.6,0.729,1.9,93.2,500.5,1575.7,3,86.8,1
144.8,78.7,0.643,1.6,82.3,107.0,186.4,3,34.1,1
296.4,76.6,0.419,0.6,142.1,1196.3,2295.9,1,48.1,1
53.7,109.5,0.839,1.7,153.0,605.1,1646.9,4,93.8,0
171.2,88.7,0.898,4.5,76.3,716.5,335.5,5,24.1,1
36.1,75.2,0.523,8.0,98.2,85.2,238.4,2,72.5,0
23.6,69.2,0.82,5.9,67.6,901.2,506.3,3,35.8,0
151.6,57.2,0.733,9.2,74.7,255.8,4529.2,1,48.6,1
44.5,93.9,0.894,19.8,28.8,1078.2,406.2,4,48.5,0
69.5,75.5,0.934,4.9,131.1,250.1,780.8,2,89.6,0
92.8,100.2,0.664,11.1,155.9,232.9,86.6,1,15.8,0
10.7,75.0,0.77,18.3,128.9,48.7,657.5,4,44.4,0
20.9,75.5,0.781,24.2,95.0,569.1,1066.5,5,83.2,0
106.8,97.9,0.889,1.6,136.7,680.0,3722.3,2,87.8,1
18.4,81.9,0.745,1.8,140.8,83.5,922.6,1,39.9,0
55.9,103.7,0.432,13.9,98.5,931.8,2101.8,0,34.4,0
79.6,87.5,0.866,0.6,151.5,546.7,1000.6,2,51.9,1
12.9,68.2,0.611,3.6,29.1,631.6,100.0,1,74.7,0
23.1,86.3,0.878,2.8,26.4,531.7,504.0,2,27.3,1
14.7,55.2,0.483,18.8,36.0,483.9,1078.4,0,77.8,0
30.8,72.2,0.935,19.5,32.8,673.8,3659.2,2,56.0,0
306.7,66.4,0.754,14.2,82.3,190.5,2401.9,1,26.3,1
67.4,91.0,0.813,0.9,151.9,222.4,361.1,5,68.7,1
96.2,62.5,0.876,18.0,116.2,1034.8,348.3,6,65.3,1
120.6,71.0,0.338,4.0,114.0,1135.6,319.5,2,64.8,1
80.7,73.2,0.431,6.8,77.0,451.1,3119.0,5,75.4,0
45.1,55.2,0.317,3.1,97.1,328.5,2348.1,4,29.5,0
117.6,57.6,0.907,5.1,66.1,774.6,1839.4,3,70.8,1
18.6,72.1,0.741,6.3,94.9,493.4,648.5,4,86.0,1
170.1,67.2,0.632,4.6,125.8,35.3,892.3,3,57.4,1
122.7,61.4,0.683,2.0,100.4,191.6,799.1,1,53.9,1
43.6,63.5,0.82,5.6,81.5,860.6,400.7,2,78.8,0
58.4,101.0,0.708,12.9,139.1,792.4,893.9,3,26.7,0
147.8,92.6,0.666,3.7,63.8,37.4,87.2,3,42.3,1
15.3,81.6,0.771,8.0,90.0,270.3,219.6,0,83.3,0
37.4,105.0,0.633,8.4,157.0,281.1,2662.1,2,55.0,0
174.1,56.6,0.354,4.7,155.6,807.9,1721.6,1,82.2,1
30.4,74.0,0.819,2.4,25.8,28.6,709.6,3,35.1,1
52.1,100.3,0.795,4.3,96.9,129.4,923.7,1,46.2,0
338.3,89.6,0.613,18.9,70.5,960.9,604.4,3,80.9,1
156.0,109.0,0.644,1.0,64.3,218.4,1670.1,1,28.1,1
263.5,106.9,0.196,6.8,105.5,785.0,1890.0,2,86.6,1
81.1,64.3,0.668,9.3,85.3,289.6,1779.1,0,39.8,0
216.1,108.5,0.702,1.6,123.9,123.8,1588.8,3,92.8,1
163.7,107.0,0.69,2.1,28.7,295.6,324.5,4,81.2,1
65.3,75.5,0.474,2.5,150.1,868.1,544.9,5,51.4,0
234.4,109.1,0.668,17.1,101.6,1027.6,811.5,6,74.4,1
44.4,57.0,0.884,2.8,117.3,997.1,532.0,2,59.4,0
192.1,91.3,0.858,12.0,106.6,479.6,1737.5,4,83.3,1
27.2,69.6,0.844,2.7,158.5,803.4,529.4,6,56.4,1
79.6,62.1,0.557,4.7,158.2,250.0,228.5,2,94.0,1
187.8,86.8,0.67,12.8,107.3,355.3,661.1,1,25.7,0
271.2,71.8,0.741,3.9,117.3,1076.1,4739.3,1,69.1,1
30.2,91.7,0.897,1.4,108.5,20.5,357.2,0,34.7,1
104.2,84.7,0.364,8.7,66.9,107.2,1186.6,2,30.3,0
97.8,76.6,0.841,3.0,51.0,253.4,730.8,3,47.7,1
98.4,65.0,0.726,10.5,79.4,36.7,138.4,1,44.4,0
357.8,88.1,0.79,4.8,117.2,221.8,853.0,4,18.7,1
59.9,100.6,0.792,6.9,32.6,701.7,1503.5,2,49.2,0
100.0,88.0,0.915,11.4,94.4,508.6,913.9,3,91.2,1
23.4,88.6,0.755,3.7,80.1,1071.7,2517.9,1,52.4,1
151.7,83.2,0.819,5.6,96.2,981.8,459.2,5,39.1,1
35.4,76.4,0.612,2.9,141.1,413.5,158.2,2,90.9,0
32.5,80.2,0.811,3.8,31.4,315.0,3359.3,4,55.5,0
63.1,109.4,0.731,2.5,128.1,458.7,620.2,3,38.0,0
122.9,96.2,0.801,5.4,115.0,710.4,1080.8,2,77.6,1
34.0,78.7,0.744,1.9,52.5,325.3,1934.3,4,32.9,1
30.9,80.2,0.827,7.3,124.1,750.9,520.4,1,34.8,0
13.2,82.5,0.838,14.6,92.0,494.2,1561.2,2,40.9,0
71.5,91.3,0.658,1.6,89.9,664.7,224.6,2,46.6,1
136.3,80.6,0.596,19.0,90.2,526.2,463.2,3,61.6,1
44.6,92.7,0.891,3.7,153.1,356.9,237.6,2,56.2,1
120.6,73.1,0.579,7.1,152.5,1138.4,2050.7,6,74.5,1
62.9,77.6,0.522,5.8,148.3,917.5,352.2,2,72.4,0
57.8,102.5,0.687,15.2,144.7,172.4,1566.5,4,18.6,0
334.1,73.1,0.527,3.0,30.1,1042.8,3493.9,2,25.7,0
162.9,108.0,0.574,18.3,79.1,587.5,950.4,4,32.2,1
174.4,64.5,0.601,0.5,145.8,1074.0,981.9,3,62.8,1
65.8,68.3,0.813,12.9,126.9,960.8,791.7,3,86.6,0
9.5,80.5,0.445,3.3,86.6,513.1,523.2,2,41.0,0
157.3,98.9,0.774,5.4,129.4,31.9,824.7,6,92.1,1
29.5,95.2,0.612,5.8,53.1,326.1,1158.0,1,28.8,0
27.1,64.6,0.929,1.6,106.0,652.3,5171.7,2,89.0,0
37.0,68.0,0.639,4.2,97.0,762.0,3382.2,2,79.1,0
29.4,86.6,0.744,1.5,102.4,313.2,2427.9,2,46.1,0
25.9,71.2,0.636,1.9,122.4,171.5,2689.3,3,31.5,0
134.2,78.2,0.558,20.6,153.2,1002.7,807.0,3,46.3,1
11.5,81.8,0.403,5.1,60.6,1181.4,1335.6,2,32.1,0
90.4,87.7,0.467,2.5,127.3,633.2,2755.3,3,59.9,0
105.1,68.8,0.548,3.8,112.1,210.2,649.0,2,61.0,1
21.1,64.0,0.655,18.6,118.8,330.4,3966.7,2,76.5,0
102.4,76.9,0.773,1.3,82.9,27.0,695.0,1,57.2,1
44.1,59.5,0.574,7.0,152.5,1097.6,1152.8,2,42.6,0
133.9,84.0,0.785,14.0,89.8,145.7,1534.6,4,87.9,1
94.2,101.2,0.739,4.0,41.4,693.9,3659.2,1,21.2,0
12.0,61.5,0.882,16.7,116.9,332.5,386.6,5,79.7,1
28.0,61.2,0.484,17.0,42.4,667.2,1695.1,1,47.8,0
149.7,59.4,0.858,2.4,68.6,783.4,932.8,0,29.5,1
35.9,101.6,0.539,1.9,55.8,996.5,425.3,2,24.6,0
273.9,59.4,0.532,3.8,97.8,251.7,1848.6,0,32.7,1
249.9,109.1,0.837,24.2,71.9,18.1,1014.1,1,24.8,1
92.3,74.7,0.844,25.0,46.6,168.6,1348.0,2,51.7,0
23.9,73.1,0.415,2.1,131.8,1080.5,517.9,1,43.0,0
30.7,60.0,0.693,1.2,88.2,1049.3,837.7,1,43.5,0
50.0,87.2,0.86,0.6,86.4,718.9,1202.8,1,27.5,1
52.8,87.2,0.664,5.1,144.7,722.6,672.9,5,67.8,1
68.3,82.2,0.619,18.3,97.7,799.7,315.3,0,63.6,0
353.0,72.1,0.51,19.7,120.8,214.6,3962.9,1,93.6,1
225.8,75.3,0.947,6.0,69.3,1097.7,909.6,3,28.4,1
107.8,72.6,0.514,3.7,100.8,505.4,1638.8,1,81.7,1
45.9,78.4,0.838,11.4,123.1,462.9,685.3,3,17.7,0
16.4,73.8,0.681,15.0,65.0,625.1,576.5,2,20.9,0
18.5,92.2,0.807,9.5,118.0,61.1,677.4,1,66.8,0
184.7,71.3,0.555,1.8,101.8,203.7,681.5,2,47.5,1
93.4,74.3,0.653,6.5,83.6,887.0,992.8,4,33.4,1
179.1,79.0,0.532,12.4,121.3,103.9,990.9,0,15.2,1
334.4,55.2,0.464,2.3,67.8,725.8,875.0,1,68.1,1
110.9,82.1,0.787,2.0,121.5,298.2,223.7,2,50.3,1
45.4,69.1,0.935,5.0,99.4,470.2,872.4,1,28.7,0
35.6,58.1,0.679,14.5,58.2,350.0,272.3,0,92.8,0
42.1,105.1,0.526,13.6,115.2,430.0,211.8,3,43.1,0
101.0,72.7,0.592,2.8,144.4,864.3,3287.3,3,39.2,0
287.5,78.4,0.316,6.9,66.9,360.1,1164.5,3,55.8,1
47.2,100.5,0.359,1.3,134.7,681.9,1342.8,2,37.2,0
234.4,64.2,0.236,2.7,70.4,573.9,666.6,0,36.8,1
42.5,101.8,0.809,16.3,135.9,798.1,2926.0,3,92.3,0
17.8,68.3,0.557,10.6,31.9,1124.5,1269.1,3,35.9,0
91.4,87.4,0.473,11.4,26.0,880.4,1809.3,3,63.4,0
127.3,92.7,0.916,5.8,40.3,261.9,601.7,2,18.0,1
301.0,104.8,0.606,13.9,143.0,42.3,3913.0,1,27.3,1
6.4,88.4,0.523,1.3,97.1,318.4,2110.8,3,16.8,0
109.0,79.9,0.885,19.1,105.2,716.1,2358.6,3,57.8,1
172.3,86.5,0.869,22.6,138.7,66.5,276.8,1,54.3,1
39.9,66.1,0.335,2.7,31.8,598.2,429.2,6,41.5,0
50.9,92.9,0.713,4.3,77.3,718.2,453.6,2,71.0,0
178.1,65.3,0.846,3.4,111.8,404.4,429.1,2,65.1,1
43.7,85.6,0.344,4.6,79.6,926.2,2370.6,3,63.0,0
36.6,90.6,0.353,18.8,29.3,132.4,88.9,2,41.9,0
83.2,104.4,0.456,0.6,112.9,94.8,145.0,1,41.2,0
275.3,79.8,0.358,1.2,77.8,875.2,434.1,3,84.9,1
295.4,97.6,0.662,11.3,27.6,597.1,317.6,4,58.5,1
29.2,64.2,0.402,3.1,48.0,827.6,366.5,1,36.8,0
102.9,63.6,0.448,2.7,54.4,524.6,1969.0,0,58.5,1
120.4,83.9,0.552,5.3,93.9,299.5,1043.7,3,36.3,1
71.1,87.8,0.818,2.9,50.2,983.8,56.9,1,29.8,0
38.3,89.8,0.779,4.3,73.8,960.3,723.1,3,37.6,0
161.8,96.0,0.776,15.7,126.3,835.2,678.9,2,65.3,1
188.2,71.2,0.754,1.0,134.0,330.2,195.2,1,56.3,1
80.9,89.2,0.453,14.4,132.4,710.3,1402.9,3,28.2,0
94.8,65.3,0.839,5.5,118.8,436.4,1503.2,1,87.6,1
99.4,67.0,0.327,23.0,98.1,114.4,1581.4,3,54.9,1
152.8,58.7,0.589,3.8,99.3,1101.2,1614.4,0,78.5,1
51.5,96.1,0.458,2.4,153.7,168.5,50.1,1,41.5,1
84.4,82.9,0.594,2.8,143.5,1140.5,3742.9,2,91.6,0
158.5,68.1,0.254,5.8,112.7,538.0,2069.8,3,75.2,1
95.7,85.6,0.722,5.7,88.2,226.2,2861.9,2,51.4,0
26.4,74.5,0.942,2.0,123.4,652.6,68.9,2,87.2,1
44.1,101.0,0.723,21.6,33.5,1048.2,3309.2,1,72.4,0
50.1,84.0,0.177,2.3,152.5,880.0,2041.5,8,49.4,1
82.5,56.6,0.771,1.2,98.9,968.8,2228.4,0,92.9,1
17.1,109.2,0.787,5.0,92.9,792.2,167.5,2,38.9,0
59.1,59.1,0.391,5.7,64.3,832.3,1660.9,0,35.5,0
88.7,93.3,0.483,15.0,25.5,1019.8,3910.2,2,86.6,0
130.7,79.0,0.359,0.9,33.3,303.4,1411.9,4,71.6,1
54.3,68.7,0.568,5.2,60.5,589.9,1064.3,1,42.6,0
26.6,92.2,0.478,2.7,98.1,269.3,3544.3,5,33.5,0
67.6,61.9,0.792,4.4,36.3,1185.3,752.1,4,29.2,0
142.9,102.2,0.606,3.9,156.2,1133.2,1147.4,1,40.1,1
157.5,68.8,0.488,5.9,80.5,52.1,826.3,2,25.0,1
112.8,74.9,0.722,4.1,67.7,848.2,3290.9,3,26.6,1
57.5,89.8,0.678,2.5,95.9,1110.7,145.0,5,77.1,1
64.0,55.1,0.624,4.1,33.8,220.8,884.5,2,20.1,0
222.2,81.0,0.666,2.1,139.8,683.7,1443.7,1,50.1,1
122.7,104.2,0.577,24.4,87.1,1099.0,1933.7,0,47.4,0
31.5,92.4,0.478,2.1,49.1,45.6,1099.7,2,91.8,1
28.8,76.3,0.538,11.0,46.8,838.4,2925.2,2,52.2,0
341.3,91.3,0.476,4.7,73.7,360.3,3466.6,3,27.9,1
76.8,106.5,0.913,3.9,102.4,1109.7,129.8,5,22.1,1
27.6,65.3,0.437,5.8,81.3,1165.4,667.7,4,73.6,0
29.5,84.2,0.891,1.4,105.6,1133.4,78.5,2,26.8,1
164.3,67.9,0.917,13.0,120.2,571.7,529.5,2,90.0,1
50.0,102.0,0.928,1.4,126.0,1035.1,973.7,2,59.7,1
94.2,94.7,0.589,0.6,79.1,1014.2,2950.2,3,47.1,0
37.3,99.1,0.769,2.8,121.8,386.3,2299.3,1,69.7,0
61.2,106.9,0.199,0.8,44.1,995.6,213.7,0,30.9,0
44.5,67.8,0.922,2.9,94.3,49.2,167.2,3,45.6,1
155.2,57.7,0.48,17.3,34.8,717.5,1117.8,2,17.7,0
298.1,71.0,0.908,1.7,58.0,279.9,961.4,2,85.2,1
24.9,77.0,0.862,4.0,103.7,149.1,421.7,1,49.0,0
40.7,89.4,0.66,2.8,125.0,97.0,2806.6,2,75.7,0
32.3,98.9,0.879,14.7,37.9,837.1,3196.8,3,88.3,0
84.8,74.2,0.454,17.9,53.0,411.2,668.2,2,67.2,0
357.6,81.0,0.467,4.8,158.9,871.1,2702.0,1,45.1,1
35.8,98.2,0.535,2.7,70.6,83.1,631.3,2,64.6,0
154.1,67.4,0.404,19.2,63.3,381.8,1651.9,0,43.8,1
109.2,66.9,0.172,3.7,36.5,649.7,825.4,2,60.4,1
356.5,87.4,0.602,2.1,118.8,949.9,206.9,3,49.6,1
16.5,79.0,0.868,5.7,93.6,385.9,3206.2,1,27.0,0
122.9,107.2,0.797,2.8,46.3,752.9,776.4,1,77.4,0
169.8,74.6,0.298,3.4,110.4,1063.7,1641.3,0,54.7,1
74.6,96.8,0.391,5.3,96.0,741.0,599.1,0,30.2,0
266.8,87.1,0.708,4.1,101.3,283.4,72.9,2,86.3,1
126.1,58.0,0.48,17.1,159.3,34.2,177.1,2,83.3,1
33.0,59.6,0.582,22.3,28.9,1044.8,872.7,0,59.7,0
346.4,66.2,0.824,0.8,148.5,30.4,1455.3,3,92.6,1
52.5,62.9,0.538,2.7,138.7,1050.3,539.1,0,89.2,1
68.5,73.1,0.766,4.6,81.1,637.1,1476.9,2,86.8,0
304.1,86.8,0.436,1.6,143.9,1127.2,1489.3,3,25.7,1
352.6,88.1,0.753,8.7,112.6,959.5,1510.6,4,38.6,1
61.3,87.3,0.518,3.0,145.1,1197.5,864.0,2,47.8,0
165.3,61.5,0.488,17.0,105.3,424.1,3006.5,1,81.6,1
135.6,88.0,0.663,9.0,54.2,921.8,856.1,3,84.7,1
117.1,77.5,0.79,3.5,102.8,485.3,768.0,4,75.1,1
97.5,104.7,0.294,14.9,49.2,578.5,316.8,2,52.8,0
143.6,105.2,0.741,6.1,44.0,754.9,491.2,1,28.0,1
30.7,97.2,0.315,17.2,113.3,1049.0,101.9,2,17.8,0
73.1,93.7,0.259,4.2,152.9,1181.0,1254.6,0,70.9,0
149.2,61.3,0.783,0.8,104.4,923.1,392.9,2,94.5,1
69.0,59.7,0.801,3.9,132.4,504.2,485.2,2,42.6,1
29.8,101.2,0.713,23.7,47.7,508.5,1817.9,3,60.5,0
22.5,78.5,0.542,1.5,113.3,886.4,525.6,2,79.8,0
58.9,79.8,0.512,3.5,124.0,290.3,382.8,1,29.9,1
245.0,101.6,0.578,2.8,30.6,137.0,272.2,2,81.4,1
47.4,89.2,0.819,24.7,38.1,428.8,1839.2,0,65.0,0
129.3,64.9,0.779,15.0,130.5,348.3,216.7,4,60.6,1
27.3,66.6,0.88,3.2,84.4,359.1,775.6,0,76.0,0
186.4,55.4,0.458,5.1,79.8,284.2,898.5,1,34.3,1
112.8,94.1,0.647,5.0,149.2,55.3,1445.4,3,64.2,0
307.2,81.7,0.322,3.1,158.9,26.4,1253.8,4,34.2,1
109.0,107.2,0.668,3.0,128.2,1185.3,2047.4,1,29.4,0
27.2,94.3,0.547,5.9,132.0,516.2,104.9,4,64.9,0
30.9,60.7,0.558,3.8,53.1,464.3,471.9,1,36.5,0
54.6,63.9,0.424,3.2,51.0,817.2,444.4,5,72.2,0
177.1,82.6,0.793,22.0,157.4,265.8,239.4,0,56.2,1
195.0,105.9,0.925,2.1,118.8,1140.2,459.6,1,70.6,1
27.5,68.6,0.541,1.4,117.7,944.7,494.9,4,86.3,1
38.9,100.4,0.729,5.7,63.6,111.8,935.5,4,26.1,0
309.5,72.2,0.647,2.6,144.7,504.0,1357.7,2,20.3,1
49.8,69.8,0.402,7.2,31.0,1055.5,625.8,3,47.0,0
125.8,104.6,0.432,10.5,62.1,1134.0,1575.3,5,72.3,0
15.3,57.6,0.779,2.3,49.3,563.5,541.7,2,85.9,1
52.2,91.3,0.728,1.5,121.0,738.0,461.5,5,17.8,0
27.5,57.4,0.928,23.8,121.6,204.6,984.9,0,78.4,0
67.0,99.0,0.651,20.6,97.2,1189.4,78.8,1,21.0,0
316.0,100.6,0.727,17.5,25.7,281.8,149.8,1,61.4,1
49.7,104.1,0.842,4.0,143.0,1131.6,699.5,1,42.5,0
42.6,65.2,0.799,10.0,154.0,781.3,3485.8,3,16.4,0
23.6,61.8,0.467,3.8,52.3,731.2,1584.1,0,22.8,0
342.5,82.7,0.658,11.7,138.7,617.7,160.7,2,43.3,1
45.1,69.9,0.861,9.7,156.4,280.7,2297.4,3,91.3,0
38.6,88.3,0.67,4.0,69.1,216.0,1631.5,4,27.4,1
45.3,83.3,0.725,4.9,50.0,268.5,1182.8,4,36.8,0
123.9,63.0,0.41,6.0,157.0,227.8,2109.7,2,94.5,1
125.3,95.7,0.823,3.2,33.1,936.6,671.2,1,53.4,1
162.1,99.2,0.334,23.4,62.3,423.4,350.5,2,36.0,0
31.0,108.0,0.812,19.2,125.2,74.1,911.0,1,64.3,0
15.1,76.8,0.689,3.5,108.3,1163.1,1005.1,2,49.9,0
73.8,73.6,0.446,18.0,117.4,1061.1,977.5,4,83.7,0
188.2,65.6,0.87,9.5,120.6,1113.7,1049.1,4,15.6,1
146.1,64.9,0.705,23.4,117.6,1193.9,3614.2,2,94.7,1
125.4,72.7,0.671,9.5,71.2,212.8,2840.4,2,20.3,1
138.1,109.0,0.675,15.6,67.1,478.5,2552.2,1,58.0,0
19.8,60.1,0.789,5.9,82.8,911.1,1989.9,4,70.8,0
293.7,69.3,0.587,15.6,134.0,836.7,3496.7,4,59.0,1
158.0,59.7,0.911,13.3,151.7,188.9,174.4,5,39.1,0
340.0,70.0,0.857,19.3,86.5,979.9,419.7,3,83.4,1
10.1,60.1,0.463,0.6,36.6,273.2,870.0,3,49.4,0
122.9,83.0,0.399,4.3,151.7,272.5,2299.1,4,39.1,1
11.8,79.1,0.603,22.5,35.9,646.7,894.2,1,76.5,0
41.8,64.6,0.724,6.6,46.5,713.6,1704.2,3,26.7,0
108.0,64.6,0.553,5.0,142.1,698.2,229.5,2,31.4,1
10.6,89.4,0.821,0.8,99.4,114.3,399.1,3,35.2,1
49.7,76.3,0.359,3.4,72.6,1053.6,1629.1,2,49.8,0
173.9,58.1,0.667,10.3,150.7,322.4,266.0,5,16.6,1
168.8,105.6,0.774,2.6,154.7,159.8,569.4,2,94.3,1
97.0,77.3,0.881,4.5,69.7,1067.1,419.2,3,63.0,1
213.6,87.5,0.589,9.5,142.2,1147.0,566.7,1,92.7,1
32.2,103.7,0.523,2.8,116.6,1035.2,1528.5,2,79.6,0
190.2,77.1,0.818,2.6,62.1,972.4,600.3,1,25.7,1
62.0,100.1,0.934,5.0,152.1,788.0,1022.3,5,31.7,0
90.6,105.3,0.788,2.3,33.5,663.3,176.3,3,17.8,1
4.6,64.6,0.685,3.6,67.9,108.9,2011.8,0,81.7,0
125.1,104.1,0.696,2.1,78.5,493.1,604.2,1,62.5,1
190.3,61.6,0.479,0.9,118.2,450.4,1304.8,1,32.2,1
39.0,70.1,0.691,2.9,30.2,315.4,1600.9,1,92.6,0
123.4,99.5,0.88,4.2,145.1,869.5,332.4,1,73.9,1
119.6,104.5,0.472,12.9,114.0,597.6,2642.0,4,71.4,0
251.1,92.6,0.947,15.1,62.1,101.9,1199.2,4,36.4,1
23.3,60.8,0.305,1.0,113.9,268.1,721.9,4,40.1,0
34.1,83.8,0.764,4.5,97.5,821.5,291.6,1,68.4,0
27.3,86.5,0.302,23.4,70.4,96.0,3473.0,3,62.5,0
225.2,70.5,0.434,21.5,28.9,1022.2,1738.1,2,66.8,1
159.7,109.5,0.32,5.5,99.4,596.7,329.9,1,85.3,1
31.5,73.5,0.964,1.5,36.1,579.3,544.5,2,27.8,1
48.7,66.6,0.751,2.7,134.4,712.9,2040.8,5,24.3,0
19.9,61.1,0.539,2.4,37.0,990.5,1477.6,1,60.2,1
14.3,75.8,0.536,5.5,82.9,420.6,1791.8,4,55.0,0
140.9,93.1,0.98,13.0,83.7,815.2,748.4,3,47.2,1
177.0,67.7,0.539,2.7,100.1,681.0,1562.6,3,87.4,1
149.9,97.3,0.684,4.0,30.3,324.1,636.3,2,59.7,1
43.5,62.4,0.483,11.3,52.5,1055.0,334.8,2,60.4,0
16.2,79.2,0.819,14.3,51.9,957.9,1251.8,3,44.3,0
66.0,93.6,0.519,13.5,105.9,791.8,4526.3,1,42.5,0
125.4,62.4,0.533,0.6,60.6,1021.4,496.3,3,94.0,1
85.3,87.9,0.59,3.7,44.5,1041.4,791.6,2,64.8,0
179.7,98.9,0.455,24.7,27.5,851.5,1395.0,2,81.0,1
25.4,87.8,0.5,1.6,138.5,1005.2,985.8,1,50.8,0
73.8,83.1,0.493,4.2,156.2,838.5,2275.1,4,30.3,1
32.4,101.1,0.831,3.8,119.9,817.8,1771.3,3,41.0,0
22.4,109.2,0.771,3.2,80.7,744.2,122.1,2,42.7,1
188.2,65.0,0.596,0.7,41.5,904.5,7791.3,2,60.2,1
196.8,93.0,0.614,4.6,89.1,194.5,1725.1,2,27.4,1
23.5,59.4,0.315,5.0,86.7,1057.6,2443.3,1,46.0,0
127.7,57.4,0.241,3.8,81.7,1046.9,1313.9,5,23.0,1
358.7,70.4,0.875,4.2,76.1,40.0,2377.9,2,54.7,1
41.8,108.4,0.756,4.6,92.1,991.9,193.1,5,90.8,1
108.0,85.4,0.61,13.4,34.9,159.0,562.8,3,42.1,1
71.3,69.8,0.529,17.1,30.2,405.5,2559.0,1,19.0,0
347.7,62.3,0.763,12.6,33.6,893.5,320.3,2,63.7,1
71.8,105.6,0.874,4.6,52.0,197.1,147.8,0,65.8,0
174.8,74.9,0.962,3.1,62.5,982.5,1912.1,2,53.4,1
105.3,71.9,0.641,17.1,47.9,999.4,2215.7,6,46.7,1
187.1,102.2,0.575,11.0,59.0,611.4,263.0,5,86.4,1
12.3,88.2,0.666,19.0,50.1,12.6,2361.8,2,90.1,0
26.9,64.3,0.629,4.6,45.4,348.0,1443.0,2,68.9,0
23.5,78.2,0.927,2.6,64.6,742.2,931.0,1,55.1,0
129.2,106.1,0.879,5.3,78.7,1177.5,2178.1,4,20.4,1
38.4,104.6,0.692,4.5,125.5,760.0,702.1,1,39.1,0
10.0,58.9,0.789,2.3,154.0,315.5,308.8,3,37.8,1
21.2,69.8,0.424,1.8,149.1,762.6,452.3,0,19.7,0
173.3,63.5,0.343,3.9,89.3,650.3,894.2,2,82.5,1
259.1,84.4,0.784,3.1,87.3,936.9,959.4,2,84.4,1
128.6,96.2,0.594,4.2,42.0,132.8,2015.3,1,88.0,0
10.9,71.3,0.82,3.2,156.2,914.4,1930.5,5,74.3,0
51.6,96.7,0.552,2.9,127.6,651.8,1094.9,2,71.8,0
61.1,91.8,0.573,5.4,139.4,1155.8,1871.2,3,53.2,0
157.5,95.1,0.871,24.0,56.6,413.5,305.5,1,83.6,1
259.9,107.2,0.518,1.8,79.1,761.0,111.6,1,55.8,1
285.2,78.4,0.468,2.2,38.9,1118.8,2532.3,0,17.4,1
137.5,73.8,0.629,2.8,152.0,127.5,144.3,1,61.8,1
347.4,92.6,0.407,3.9,63.6,1125.0,389.9,2,46.2,1
296.9,99.4,0.649,2.1,105.5,827.0,1476.2,1,56.7,1
63.8,65.5,0.52,0.9,45.5,86.1,682.0,2,50.3,0
32.8,101.6,0.71,4.3,133.4,364.7,2558.0,2,54.7,0
101.9,58.2,0.616,23.9,50.2,851.3,474.6,2,23.7,1
48.6,55.4,0.349,9.2,134.3,85.5,64.3,5,16.2,1
152.5,63.7,0.71,15.2,79.2,700.7,479.1,2,42.2,1
122.4,108.8,0.513,2.9,103.0,418.3,1085.5,2,35.4,0
60.4,83.8,0.597,21.2,61.4,747.0,615.8,2,35.0,0
64.6,57.6,0.324,7.3,144.2,59.7,968.5,2,90.0,0
57.0,109.8,0.288,20.5,127.6,1046.5,2560.8,4,80.5,0
163.6,96.0,0.908,24.6,72.8,1168.3,2973.1,1,16.1,1
21.3,101.1,0.885,15.6,104.0,1162.8,421.1,3,15.7,0
22.6,66.7,0.692,7.6,42.4,900.8,794.2,3,77.2,0
102.9,60.8,0.517,4.1,46.7,160.5,1005.9,4,93.8,1
145.0,83.3,0.646,5.6,97.0,911.1,3623.8,3,52.2,1
359.5,97.5,0.696,0.9,111.5,34.4,7950.5,1,49.7,1
207.8,90.1,0.936,1.7,100.3,31.4,372.1,2,37.1,1
253.5,89.7,0.689,5.9,100.5,391.7,1607.9,2,68.3,1
79.1,96.6,0.225,3.3,125.2,588.9,619.8,3,52.7,0
16.3,67.5,0.639,12.5,146.8,925.6,59.8,1,28.4,0
22.3,91.4,0.729,3.6,77.3,821.5,61.2,0,53.5,0
22.3,76.6,0.778,2.5,97.5,537.9,790.7,1,45.1,1
136.1,58.8,0.729,4.5,145.6,332.0,854.1,2,86.2,1
93.5,66.1,0.839,4.4,87.7,1196.6,77.4,1,76.7,1
148.3,98.7,0.762,1.6,85.1,514.3,1443.6,4,71.1,1
44.9,104.3,0.757,9.1,128.5,544.4,467.8,4,41.2,0
48.6,70.6,0.793,3.7,143.4,200.5,1034.9,3,26.2,0
30.1,65.5,0.523,17.7,124.6,954.8,479.6,4,84.2,0
59.9,56.5,0.635,3.1,38.5,834.0,269.5,1,42.4,1
7.4,107.1,0.638,19.9,87.7,268.8,677.4,3,62.4,0
210.5,92.6,0.841,13.8,53.6,103.4,367.2,1,62.3,1
87.3,107.6,0.426,12.1,67.8,818.2,968.3,4,89.2,0
176.3,102.5,0.539,0.6,88.3,787.1,316.0,2,28.7,1
16.9,73.7,0.902,10.1,54.9,331.5,902.1,2,76.7,1
11.9,61.2,0.856,0.9,94.7,1141.3,255.5,2,52.0,1
112.7,82.4,0.865,15.9,111.8,185.5,1383.9,5,29.0,0
94.9,56.5,0.612,9.9,143.1,521.6,1732.6,5,81.9,1
293.2,63.2,0.81,4.1,53.5,1132.6,190.4,1,80.6,1
37.3,67.8,0.725,6.3,66.9,506.6,806.9,3,18.2,1
61.9,91.6,0.811,2.5,79.8,768.0,138.2,3,71.8,1
9.9,83.0,0.534,2.8,55.3,480.1,1144.1,1,27.3,1
43.4,71.6,0.684,0.8,69.8,332.7,418.5,1,63.8,1
78.6,86.1,0.604,17.0,144.3,1180.9,950.0,4,66.5,0
312.2,61.9,0.379,8.9,43.7,494.2,924.4,3,68.2,1
61.6,96.6,0.873,2.6,84.9,1073.4,3148.0,2,24.6,0
35.7,94.2,0.694,16.9,67.0,279.8,1005.8,1,62.9,0
112.7,66.9,0.93,13.7,35.4,259.7,1099.6,3,23.0,1
81.2,88.4,0.69,21.4,38.0,42.2,666.3,1,74.6,1
69.7,82.7,0.863,16.6,131.0,783.7,3623.0,1,20.1,0
46.6,58.3,0.745,23.8,140.1,445.4,1851.7,3,75.6,0
342.0,70.3,0.423,4.2,125.1,1037.9,453.2,1,85.7,1
12.5,110.0,0.736,1.9,97.8,570.5,2281.1,3,38.9,1
42.2,60.5,0.594,4.2,129.3,1162.0,729.6,4,77.3,0
344.6,82.9,0.348,0.7,45.5,226.7,2167.0,2,48.4,1
92.9,101.7,0.509,9.2,130.3,1043.0,2127.2,2,78.8,0
337.1,71.5,0.657,3.9,82.2,933.0,301.2,2,69.9,1
197.4,69.3,0.46,2.0,126.3,926.3,1499.3,2,38.1,1
141.7,104.0,0.317,5.2,55.7,1014.5,462.1,3,30.5,1
15.1,71.8,0.507,0.8,137.4,914.4,473.7,4,88.2,1
12.0,90.8,0.732,6.8,101.7,753.3,471.8,2,82.1,0
167.9,95.7,0.566,2.2,26.0,161.8,1601.7,3,67.8,1
222.1,98.4,0.474,3.3,95.1,43.9,363.4,3,42.9,1
148.1,109.7,0.533,24.7,66.9,1105.4,51.1,1,55.8,1
25.3,99.2,0.59,4.0,32.8,741.9,1557.3,5,59.6,1
168.4,91.1,0.63,14.2,85.4,956.9,275.3,3,21.9,1
27.7,104.3,0.839,22.7,67.0,580.4,182.4,4,92.8,0
168.1,104.8,0.709,5.4,52.6,145.2,375.4,0,22.3,1
40.8,108.5,0.853,3.9,72.1,154.6,623.5,3,72.7,0
26.1,97.7,0.594,3.6,49.2,824.3,825.3,4,54.4,0
26.7,65.7,0.485,1.4,65.5,519.2,104.7,0,75.8,0
56.7,94.0,0.606,17.6,40.6,244.6,4281.0,4,35.9,1
21.8,59.1,0.836,3.8,36.4,592.5,1560.8,1,46.6,0
359.1,72.5,0.822,7.7,147.9,81.7,518.4,3,57.0,1
90.0,61.4,0.554,4.9,146.9,700.5,510.5,3,24.7,1
59.5,107.2,0.192,8.8,136.8,326.4,764.2,1,83.1,0
347.0,73.6,0.73,3.6,56.1,958.1,1231.0,4,94.3,1
98.4,94.2,0.677,18.5,123.0,375.9,239.9,4,48.4,0
24.6,86.4,0.847,1.6,104.6,549.0,301.3,1,45.1,1
132.9,60.9,0.606,5.8,31.9,18.9,2404.5,0,62.5,1
326.3,85.9,0.443,4.5,146.4,91.6,405.3,3,70.1,1
18.4,91.4,0.422,24.1,159.7,474.0,624.0,0,84.5,0
248.0,103.5,0.752,7.1,120.7,578.5,2510.1,4,44.8,1
223.0,58.9,0.36,4.9,56.3,722.0,1355.7,5,76.2,0
40.2,71.3,0.918,2.4,99.8,353.5,551.7,5,34.2,1
73.2,93.1,0.662,2.4,39.8,835.5,1431.3,1,69.4,0
36.4,56.9,0.475,11.2,65.3,1032.8,73.9,0,52.3,0
141.2,66.2,0.901,24.9,121.8,936.9,1646.5,1,67.9,1
321.6,67.0,0.65,6.4,65.6,52.3,851.0,0,45.4,1
83.3,91.8,0.901,4.2,44.9,579.2,2063.1,2,38.5,0
34.7,70.7,0.392,4.3,26.0,130.4,3761.7,3,53.9,0
41.8,88.0,0.779,21.6,102.3,294.2,3171.0,3,86.6,0
68.0,108.1,0.905,2.5,155.8,1184.1,2929.8,3,69.0,0
131.3,98.6,0.373,2.3,90.4,175.3,911.3,1,63.9,1
96.3,73.3,0.664,21.4,53.7,601.2,585.8,2,72.6,0
64.5,81.0,0.888,20.4,87.5,743.7,800.7,2,73.3,0
33.2,66.0,0.303,4.1,106.3,844.4,1455.0,4,38.6,0
126.2,55.9,0.875,3.1,133.2,673.8,2635.0,2,33.6,1
230.4,70.9,0.571,17.0,86.1,16.7,328.3,0,55.7,1
20.3,75.3,0.587,8.6,48.3,395.1,3054.1,0,26.8,0
200.1,86.0,0.722,4.3,50.4,623.7,2076.0,1,53.0,0
128.5,106.9,0.765,21.1,146.5,110.0,4677.7,1,70.4,0
233.3,107.1,0.777,2.7,56.9,424.0,2596.8,4,15.6,1
45.3,58.9,0.83,6.4,123.3,44.7,444.1,1,23.9,0
260.9,88.8,0.759,18.7,61.3,98.9,184.4,1,92.0,1
22.1,57.3,0.469,5.2,122.3,479.3,192.9,0,89.2,0
142.6,90.6,0.463,0.8,35.6,163.6,463.1,4,48.4,1
53.8,61.5,0.775,5.6,53.0,683.2,1192.9,0,62.2,0
65.1,107.1,0.657,3.0,80.2,828.9,2007.5,2,27.4,0
122.5,102.5,0.817,3.3,94.6,961.7,2804.1,5,41.5,0
150.4,56.2,0.947,2.7,72.6,244.2,1223.0,5,78.4,1
24.3,98.0,0.258,4.3,102.4,205.1,56.8,2,83.5,0
137.2,90.0,0.714,15.9,68.9,130.0,297.4,1,47.4,1
92.4,82.2,0.817,2.7,116.6,765.5,176.1,3,39.9,1
18.6,88.1,0.42,4.9,94.0,849.2,591.8,1,69.5,0
41.1,92.3,0.899,5.0,120.2,42.7,885.0,1,72.4,0
23.4,103.6,0.464,16.2,83.2,1123.8,103.2,1,93.7,1
116.3,97.2,0.548,4.2,143.3,67.1,564.1,2,70.8,0
52.3,86.6,0.34,1.3,76.6,651.8,286.9,0,34.2,0
115.6,100.4,0.77,2.3,66.6,852.3,1299.8,1,19.8,0
30.1,109.3,0.662,5.6,100.2,1045.8,799.0,0,35.6,0
24.9,71.5,0.364,0.9,93.7,858.3,870.6,0,33.1,0
134.2,61.5,0.668,13.8,94.9,963.1,719.7,2,22.4,1
40.7,95.2,0.507,1.3,132.5,410.6,3798.8,3,50.6,0
71.0,108.8,0.826,1.1,104.5,978.7,340.1,2,38.1,1
119.1,61.4,0.527,6.0,144.5,100.7,922.5,3,89.0,1
339.6,78.7,0.432,3.0,108.6,1074.3,1648.2,0,47.3,1
29.7,58.4,0.902,4.6,27.9,659.4,1026.6,5,85.1,0
158.1,97.7,0.838,3.4,142.5,981.7,3224.4,1,39.5,1
73.3,107.2,0.451,8.1,138.4,545.5,619.7,0,81.5,0
79.2,82.4,0.237,22.2,31.6,774.1,797.6,4,51.4,0
146.5,77.5,0.778,4.9,41.9,634.1,161.2,1,17.6,0
118.2,104.9,0.352,2.2,100.1,879.2,1176.9,3,54.0,1
66.6,62.3,0.605,10.9,30.8,102.5,458.0,2,33.1,0
28.1,104.0,0.695,5.9,80.5,77.1,259.7,1,39.6,0
19.7,76.6,0.595,1.2,156.7,300.3,993.7,1,69.7,0
44.0,85.8,0.809,2.6,48.3,195.7,961.9,2,57.4,0
74.9,84.1,0.286,1.0,52.8,1046.8,144.7,2,86.1,0
40.7,88.9,0.686,4.9,116.3,267.0,1487.7,1,89.9,0
80.5,106.8,0.929,2.4,30.9,1171.2,1223.1,8,70.3,1
47.7,107.3,0.85,1.1,135.8,407.6,301.4,1,84.1,1
67.0,100.7,0.256,4.8,51.9,222.6,810.6,8,30.6,0
18.8,65.5,0.832,18.6,96.8,948.7,1578.9,2,21.3,0
93.0,73.3,0.928,4.6,58.6,792.2,954.6,1,41.6,0
157.1,81.8,0.832,5.4,113.9,600.3,654.0,4,41.1,1
41.9,104.8,0.635,3.6,104.3,668.7,516.9,1,68.2,0
65.2,83.6,0.501,5.1,152.8,864.4,1181.1,5,82.2,0
38.7,108.8,0.364,0.9,85.2,278.0,3408.4,4,38.8,0
114.9,109.1,0.871,12.8,143.1,1195.6,1386.8,1,49.0,0
22.3,87.9,0.691,4.3,102.7,1169.9,143.2,3,23.4,1
29.9,103.3,0.744,3.6,148.5,782.1,790.9,5,48.0,0
33.4,110.0,0.828,2.6,64.4,243.5,2707.8,0,32.2,0
106.8,101.7,0.552,1.4,99.2,817.9,169.1,3,45.6,1
54.9,91.1,0.792,3.3,77.7,91.3,5448.3,5,36.3,0
102.8,101.5,0.788,5.2,33.9,41.6,3622.7,2,79.7,0
124.1,59.5,0.139,3.5,102.5,312.9,147.8,4,15.3,1
172.8,89.9,0.911,14.3,132.2,557.8,3301.1,1,42.1,1
294.6,66.9,0.806,3.2,100.1,1042.6,591.4,0,92.5,1
48.9,61.4,0.36,4.8,62.7,874.0,2284.9,1,69.3,0
116.2,104.1,0.858,5.6,60.6,892.5,700.3,5,76.8,1
145.7,90.2,0.412,21.9,57.1,513.5,747.6,2,83.8,1
44.0,68.4,0.599,2.4,157.3,418.4,1256.9,5,43.9,0
266.7,76.3,0.726,3.6,78.9,448.4,1837.2,2,20.3,1
16.2,108.5,0.612,24.7,67.8,1185.2,91.2,4,47.9,0
25.6,102.4,0.98,1.5,81.5,52.9,1129.2,2,67.2,1
100.6,55.9,0.849,0.8,40.6,1041.1,298.0,3,44.7,1
151.9,108.9,0.943,3.5,51.5,696.5,559.5,2,50.9,1
11.1,75.3,0.39,2.7,93.7,529.1,563.2,1,81.0,0
283.6,93.2,0.838,17.0,132.8,871.7,809.7,1,17.9,1
22.9,94.2,0.372,3.5,143.3,586.6,538.0,1,41.8,0
15.2,105.1,0.376,6.0,141.9,1048.7,186.3,3,54.1,1
64.6,103.7,0.579,1.0,152.5,1081.3,238.9,4,38.9,0
31.4,70.5,0.678,1.3,42.0,509.0,90.8,4,50.7,1
36.1,90.4,0.756,4.2,30.5,335.8,812.4,2,47.1,0
343.1,76.7,0.629,4.3,39.3,712.9,3756.7,3,88.9,1
113.5,83.9,0.376,4.7,106.1,1095.3,197.5,4,54.4,1
118.8,85.5,0.6,4.6,100.1,256.7,3558.4,2,53.1,0
144.8,76.8,0.812,21.9,115.6,749.4,1636.2,2,35.4,1
74.6,80.5,0.312,13.4,75.1,759.7,1267.7,2,18.7,0
33.3,66.5,0.679,4.8,77.9,881.1,1293.7,1,39.0,0
15.4,88.4,0.478,7.7,98.7,162.2,2153.5,2,17.2,0
39.3,96.7,0.832,3.8,35.7,860.4,185.7,3,81.1,0
31.5,78.6,0.57,19.2,133.0,1091.3,893.2,2,31.3,0
32.0,108.8,0.879,6.2,149.6,219.7,1483.2,1,87.9,0
171.3,58.1,0.522,1.1,77.3,288.9,1110.6,3,85.9,1
215.2,87.4,0.223,9.0,124.8,1165.8,2196.1,2,68.2,1
343.7,87.1,0.555,17.0,99.1,221.3,140.0,2,84.0,1
120.1,57.0,0.518,23.6,56.9,1026.0,1458.1,1,85.2,1
61.9,67.4,0.763,8.6,34.2,593.3,966.4,4,77.1,0
26.7,104.8,0.261,1.3,58.2,300.4,622.0,2,55.6,0
84.6,84.9,0.407,5.9,106.7,1045.5,549.1,6,91.0,0
166.7,79.0,0.492,16.0,30.4,537.1,1213.7,2,80.4,1
63.3,77.9,0.865,3.8,137.9,620.2,2709.6,4,25.2,0
113.1,103.8,0.193,5.4,156.0,434.3,872.6,5,48.6,0
104.1,75.2,0.787,20.1,36.3,713.6,2139.7,0,58.2,0
141.6,102.3,0.827,5.4,58.3,200.4,667.3,3,57.4,1
46.1,72.0,0.625,2.4,116.2,472.3,179.6,3,45.4,1
40.0,84.2,0.877,2.5,133.8,1163.4,126.2,3,57.5,1
26.6,62.9,0.816,3.7,71.7,313.5,113.2,2,22.4,0
133.9,100.4,0.73,11.1,94.6,789.8,623.9,1,67.4,0
241.1,95.5,0.56,4.1,145.4,393.6,543.6,5,54.8,1
41.9,84.2,0.427,8.0,76.9,929.3,1568.7,0,78.0,0
31.5,56.4,0.526,3.7,36.0,161.4,1679.6,2,70.5,0
28.9,81.5,0.549,16.4,159.3,1163.9,112.6,3,24.0,0
41.1,67.4,0.905,0.5,49.3,547.3,349.9,2,43.1,1
21.9,77.7,0.815,24.6,31.6,287.1,434.7,2,73.9,0
55.7,102.1,0.842,5.3,80.4,92.8,1001.9,0,42.0,0
25.4,97.3,0.283,13.5,41.4,207.9,237.3,1,60.4,0
32.5,68.3,0.73,15.0,157.1,626.1,222.6,2,91.9,1
69.4,109.2,0.418,5.1,76.4,407.7,3504.4,1,21.4,0
52.1,104.7,0.545,2.9,136.5,995.5,2006.8,3,30.2,0
134.6,84.1,0.533,24.9,48.8,519.9,289.1,2,53.4,1
350.8,84.2,0.866,24.8,43.7,302.2,676.2,3,74.1,1
92.4,104.6,0.387,0.9,112.7,742.5,577.4,2,41.4,0
10.5,90.0,0.478,3.9,147.8,849.6,1928.5,2,24.4,0
134.4,84.5,0.295,1.7,40.5,204.6,906.5,3,40.3,1
226.9,96.2,0.632,2.5,104.5,205.3,214.2,1,66.6,1
181.2,67.9,0.859,4.2,36.5,48.8,1661.8,6,78.4,1
156.4,103.3,0.676,1.3,134.6,885.0,656.8,2,93.2,1
90.9,84.2,0.471,3.2,147.8,798.2,416.1,2,75.9,0
90.0,88.2,0.193,4.3,109.9,572.2,615.0,1,54.4,0
115.4,59.9,0.544,4.2,117.9,1013.8,876.4,3,38.4,1
238.7,72.0,0.445,10.0,32.5,967.8,554.3,1,89.2,1
240.9,78.5,0.781,5.7,34.9,704.5,382.3,4,57.7,1
39.2,77.8,0.471,4.5,49.3,1042.6,660.0,2,70.1,0
71.7,97.8,0.802,3.9,62.0,251.0,73.2,2,52.8,0
30.9,70.5,0.398,1.6,127.6,138.7,1826.7,7,34.4,0
92.6,65.0,0.591,5.7,83.8,327.4,275.0,4,58.8,1
25.8,87.0,0.65,6.8,35.6,73.2,103.9,1,82.2,0
30.8,88.8,0.548,17.5,140.1,639.7,1322.5,3,45.7,0
24.0,61.7,0.835,8.8,159.2,1124.2,1834.3,2,68.5,0
112.7,55.1,0.539,4.1,86.4,52.0,2067.3,2,18.4,1
30.5,105.5,0.422,9.3,94.1,150.9,866.3,1,89.9,0
301.3,59.4,0.44,1.2,35.6,545.4,325.9,1,92.6,1
129.1,104.4,0.906,3.7,76.7,1121.0,1653.8,2,45.9,1
51.2,77.0,0.375,5.8,75.2,382.8,1493.6,3,54.9,0
47.0,90.9,0.347,3.6,155.4,611.1,389.3,3,27.8,0
129.7,65.2,0.852,5.5,114.2,54.7,2854.7,4,30.7,1
46.7,100.3,0.747,5.1,130.6,182.3,182.3,3,63.2,1
29.3,64.9,0.852,5.4,42.3,1184.0,4917.6,2,65.2,0
20.5,76.3,0.337,17.4,81.3,1158.3,2411.5,0,42.3,0
39.9,68.1,0.659,4.5,50.9,10.9,1447.3,0,44.9,0
44.8,101.1,0.367,16.1,141.1,1142.4,3401.3,4,55.5,1
31.4,102.2,0.94,17.8,45.6,768.7,1587.5,3,90.2,0
30.2,75.5,0.799,4.3,84.2,1042.2,303.5,1,27.0,1
125.7,71.9,0.741,1.7,32.2,548.4,750.4,0,59.1,1
45.9,97.5,0.579,1.7,110.6,621.1,139.0,1,19.7,1
41.8,103.3,0.745,5.0,90.1,589.2,642.5,4,51.7,0
94.1,89.3,0.715,4.9,92.2,801.9,1673.9,2,46.8,0
100.0,106.0,0.594,4.2,38.7,171.9,636.2,2,28.1,0
44.4,76.1,0.681,3.6,94.4,40.8,531.1,2,28.1,0
40.2,63.4,0.541,20.5,101.1,373.0,1135.7,2,51.0,0
71.0,64.9,0.637,5.7,155.0,847.1,2518.8,0,25.1,0
27.7,91.8,0.925,4.4,29.5,246.2,108.5,2,38.6,0
189.8,77.4,0.647,4.1,149.6,809.8,634.3,0,20.7,1
20.8,63.6,0.475,3.0,89.7,1164.0,256.7,3,38.8,0
111.3,71.1,0.927,4.2,53.4,117.2,1476.3,6,57.7,1
170.8,84.2,0.648,17.9,114.8,808.8,184.1,2,74.5,0
99.9,61.7,0.727,20.5,94.8,535.3,1361.7,2,81.4,1
56.2,55.2,0.216,4.0,55.6,1042.4,454.6,1,42.0,0
250.3,105.5,0.605,15.2,109.6,216.7,316.1,4,90.1,1
308.6,71.8,0.741,4.3,88.9,832.7,3355.3,2,34.2,1
226.6,67.2,0.94,17.5,118.0,1006.5,72.4,2,21.4,1
78.4,93.4,0.669,4.4,118.0,1133.8,741.0,3,89.0,0
32.5,101.9,0.403,0.7,88.8,821.5,76.2,2,58.2,1
311.7,89.8,0.669,21.0,77.8,599.1,843.0,1,43.1,1
91.6,69.0,0.725,4.8,33.5,743.3,884.3,6,86.8,1
30.9,102.4,0.862,4.2,91.7,1043.3,515.7,3,77.1,0
96.4,83.1,0.79,3.2,57.8,686.9,220.1,2,81.6,1
153.8,76.0,0.684,4.5,32.2,41.3,616.7,2,38.4,1
94.0,88.3,0.652,5.6,69.6,1117.5,1388.7,2,84.9,0
137.7,93.5,0.814,0.5,36.8,829.0,1880.1,2,67.0,1
128.5,87.7,0.633,3.4,103.3,813.4,957.9,5,74.0,1
226.4,105.6,0.892,5.3,93.0,262.7,1119.4,2,40.0,1
303.0,89.5,0.775,12.2,132.0,792.4,318.7,1,34.6,1
175.8,103.3,0.516,3.7,61.1,475.7,456.5,0,47.7,1
286.4,87.3,0.74,11.8,75.2,783.2,261.9,3,61.0,1
33.8,73.1,0.736,6.7,118.0,132.4,394.1,2,68.3,0
59.9,84.3,0.605,11.9,159.0,791.1,355.7,2,54.8,1
96.1,59.7,0.373,10.8,147.1,1199.3,929.4,1,70.9,1
72.0,67.7,0.78,5.4,95.3,62.6,1042.5,2,71.7,0
113.2,97.1,0.81,9.7,116.5,1172.7,3529.4,3,68.3,0
54.8,91.4,0.587,21.7,96.8,491.3,311.1,1,35.1,0
312.2,64.2,0.793,17.6,83.7,1045.6,1281.6,3,50.7,1
36.9,79.1,0.462,23.3,106.3,940.0,2089.6,0,76.3,0
51.5,62.8,0.762,5.6,77.2,682.6,1035.8,2,86.0,0
38.1,102.1,0.625,4.5,62.8,887.4,403.3,2,55.1,0
116.8,61.0,0.928,4.6,120.3,1054.8,415.5,1,93.9,1
34.6,91.0,0.478,2.2,142.7,487.9,98.1,2,29.0,0
131.1,88.4,0.461,22.0,63.9,395.8,487.4,1,33.0,1
56.9,81.0,0.336,8.0,120.4,802.8,1687.9,1,51.9,0
223.9,70.3,0.882,10.0,83.6,970.4,108.4,0,55.7,1
68.9,77.2,0.751,5.5,65.8,915.9,347.1,1,49.0,0
31.0,99.4,0.377,19.7,108.8,958.4,1520.0,0,49.4,0
63.8,96.9,0.732,2.6,151.8,525.5,1881.5,2,54.0,0
211.1,95.6,0.583,1.8,72.5,982.3,779.1,1,40.6,1
66.4,96.2,0.534,5.8,127.5,148.6,1487.1,2,25.5,0
27.6,62.9,0.525,11.8,67.5,655.7,639.1,2,91.5,0
18.1,60.5,0.865,3.6,133.5,11.9,259.1,2,78.6,0
77.0,102.4,0.664,4.8,127.6,392.9,659.3,1,80.2,0
7.3,101.0,0.741,23.1,128.4,442.9,1090.9,5,44.2,0
197.5,92.5,0.578,12.1,159.7,478.4,3599.0,2,47.3,1
29.4,88.3,0.568,20.0,44.0,836.1,135.5,4,89.9,0
92.9,75.2,0.353,4.4,77.5,469.3,899.7,2,92.8,1
95.7,67.3,0.948,2.3,110.2,541.2,528.6,5,90.4,1
83.5,91.7,0.547,5.2,104.7,288.9,901.9,2,66.4,1
355.3,105.2,0.541,18.5,130.4,451.0,79.1,4,34.4,1
22.5,79.0,0.45,17.5,31.3,276.6,500.5,1,63.4,0
85.9,71.7,0.863,0.7,120.2,92.5,2106.9,2,62.1,1
126.3,69.9,0.621,5.3,124.6,726.1,1018.8,1,87.7,1
52.1,56.3,0.349,17.8,33.2,803.5,768.7,2,39.9,0
358.9,83.6,0.253,2.4,97.7,745.3,453.4,2,31.1,1
320.2,109.4,0.501,2.4,58.1,558.9,474.7,1,36.3,1
331.8,99.8,0.531,3.7,133.2,458.8,629.7,1,34.5,1
39.9,104.4,0.925,3.3,31.7,1036.7,2216.3,1,66.9,0
44.0,89.2,0.707,5.3,44.7,625.3,4151.3,3,80.0,0
325.5,81.5,0.691,1.6,39.1,577.6,742.9,1,44.4,1
27.6,109.5,0.478,14.3,33.8,35.6,649.8,4,29.1,0
31.6,79.6,0.656,1.9,106.0,412.8,2299.3,3,42.4,0
163.0,105.4,0.525,8.5,142.3,459.3,718.0,1,58.7,1
153.2,96.9,0.512,5.3,94.0,481.6,1013.6,3,68.2,1
31.9,73.2,0.706,2.8,53.4,698.3,365.1,2,59.0,0
2.3,82.7,0.557,3.7,71.4,642.7,1682.8,2,35.5,0
98.8,76.1,0.819,3.6,73.6,731.4,961.1,0,88.4,1
75.9,62.5,0.678,21.6,86.0,919.0,2036.8,4,50.0,0
60.7,74.6,0.329,5.6,81.8,976.5,1871.0,3,51.7,0
311.3,103.9,0.896,2.5,115.6,863.2,340.5,2,92.4,1
53.4,96.4,0.84,3.5,70.9,1146.9,1559.0,5,84.5,1
42.4,70.3,0.723,9.9,114.5,26.8,1981.7,2,79.5,0
17.0,75.2,0.516,5.5,98.8,239.0,559.8,2,29.6,0
26.2,88.9,0.777,1.8,31.5,14.0,277.4,2,82.0,1
105.4,77.9,0.61,2.5,149.2,778.7,53.2,0,51.4,1
29.6,82.7,0.774,3.2,49.0,1078.1,769.4,3,31.8,1
14.4,93.4,0.895,1.8,86.0,296.0,571.4,5,94.3,0
33.3,80.7,0.417,2.7,152.9,1112.8,1021.4,0,28.8,0
23.7,65.5,0.722,2.9,58.4,77.0,300.0,2,88.8,0
166.0,83.6,0.719,5.0,28.0,1121.7,2406.5,1,15.0,1
102.5,74.6,0.422,10.1,91.2,425.2,407.7,2,50.0,0
44.1,71.0,0.617,18.3,55.2,126.2,358.1,7,17.4,0
30.7,73.0,0.83,4.4,103.6,585.6,836.4,2,88.0,1
56.1,79.1,0.703,4.1,135.3,311.8,879.0,0,25.1,0
30.0,103.8,0.587,3.1,94.0,345.4,340.6,4,68.8,0
270.2,95.4,0.415,5.4,112.1,372.2,430.7,0,65.5,1
161.9,91.7,0.536,1.9,114.9,964.6,273.2,1,77.3,1
50.2,80.9,0.849,20.0,135.8,649.3,1571.0,0,74.8,0
25.3,55.1,0.795,5.3,117.9,377.0,1814.1,1,17.6,0
60.9,73.7,0.758,2.7,156.8,734.3,794.6,1,46.1,1
36.1,99.7,0.34,2.0,86.6,860.8,1552.5,1,40.8,0
34.9,76.3,0.818,2.0,31.8,330.8,1647.9,1,92.8,0
35.8,86.0,0.541,5.5,78.2,499.2,228.6,1,77.0,0
34.4,66.3,0.702,2.3,138.4,150.7,4114.0,1,71.6,0
21.1,105.4,0.128,3.2,43.0,221.5,2114.7,5,50.4,0
145.5,105.8,0.773,3.0,124.4,818.9,324.5,2,86.3,1
34.5,63.0,0.528,3.8,97.3,221.8,297.2,4,16.3,0
64.8,94.8,0.821,5.2,146.6,632.6,211.1,1,33.3,0
100.7,59.1,0.599,1.5,123.7,852.3,228.7,2,70.6,1
24.1,87.9,0.781,2.0,114.2,132.7,1704.8,2,55.7,0
125.9,64.8,0.374,15.3,144.7,682.9,811.1,4,57.7,1
45.3,63.0,0.671,16.8,147.6,311.6,1883.1,2,48.3,0
35.2,55.2,0.568,3.9,77.0,1155.7,1695.7,2,28.3,0
10.3,106.7,0.676,23.3,150.3,582.8,1163.5,3,28.3,0
220.7,100.6,0.622,3.7,32.4,968.2,1441.4,3,38.6,1
19.3,59.3,0.648,8.3,127.9,662.5,72.2,1,52.5,0
7.6,88.0,0.736,6.0,70.4,56.9,498.4,2,80.9,0
202.3,67.8,0.555,2.8,90.8,761.6,1268.7,3,50.7,1
4.0,69.5,0.48,15.0,137.8,1141.9,61.3,1,86.8,0
65.4,103.1,0.567,2.8,111.0,723.9,90.2,4,24.6,1
20.9,61.3,0.878,1.5,86.8,983.9,2341.7,5,36.7,0
107.6,88.1,0.701,1.5,47.1,1061.6,1432.5,1,20.6,0
28.8,77.1,0.71,3.5,151.8,277.6,420.1,1,55.8,0
56.5,65.5,0.848,4.4,69.9,258.4,1447.6,0,22.2,0
25.4,79.9,0.522,5.2,38.7,735.1,1936.9,1,78.7,0
26.5,106.7,0.586,20.4,101.2,496.2,489.7,5,18.2,1
172.6,98.0,0.492,1.5,79.8,1008.6,94.0,1,53.0,1
53.1,62.3,0.845,4.3,104.7,1080.5,3289.7,3,48.6,1
354.2,101.7,0.243,15.5,56.5,427.3,558.1,3,31.2,1
13.2,106.6,0.79,3.6,76.1,288.1,185.1,0,61.9,1
170.8,70.2,0.543,5.5,156.3,937.7,862.4,4,45.9,1
188.4,73.3,0.776,2.1,151.4,333.4,1805.6,2,30.8,1
120.7,61.9,0.703,14.4,141.7,988.0,350.7,2,81.1,1
14.9,74.0,0.558,21.7,130.2,511.4,426.8,1,67.9,0
163.6,92.0,0.667,5.5,46.1,802.7,383.6,4,16.0,1
37.0,70.0,0.747,4.7,88.0,119.2,5795.9,6,55.1,0
171.4,55.4,0.831,3.2,123.3,750.5,313.9,1,36.7,1
163.2,73.6,0.771,22.0,60.3,544.9,1078.3,4,88.2,1
14.1,79.9,0.771,17.8,29.5,706.0,3162.6,1,73.0,0
95.6,86.1,0.849,0.7,81.4,205.8,240.6,1,63.9,1
120.2,92.6,0.957,5.6,82.4,885.6,4292.5,2,22.1,1
58.7,58.4,0.866,11.0,33.8,1036.0,3585.8,0,89.5,0
44.4,80.8,0.702,3.0,68.3,264.0,2640.9,1,26.5,0
161.5,69.6,0.545,8.4,148.8,119.4,339.8,2,51.1,1
96.3,107.1,0.341,1.4,58.8,33.2,1256.3,3,69.5,0
151.1,74.8,0.747,4.9,101.8,772.2,1767.0,3,54.6,1
54.1,60.5,0.448,11.5,90.9,730.5,5174.8,3,85.6,0
117.8,57.3,0.613,3.2,141.4,658.3,288.8,0,81.8,1
37.7,69.6,0.357,23.6,113.2,282.2,1793.1,1,25.8,0
126.1,64.8,0.951,1.3,46.4,472.1,546.4,4,64.4,1
170.5,90.7,0.618,0.9,44.3,715.4,281.8,1,19.2,1
7.8,101.6,0.649,3.6,100.3,598.6,706.5,0,72.6,0
169.2,72.2,0.643,2.4,31.3,1185.4,1944.9,5,73.9,1
114.0,86.8,0.737,3.8,78.1,168.0,800.2,1,42.6,1
28.7,95.2,0.409,23.1,78.9,835.7,975.4,4,77.9,0
53.9,76.9,0.958,7.4,51.5,488.2,6446.9,2,67.2,0
72.6,58.6,0.745,1.5,65.6,516.7,661.2,2,55.3,1
110.4,67.6,0.483,3.6,69.5,862.5,1196.7,4,51.4,1
8.0,103.6,0.907,9.1,26.6,832.5,595.4,6,23.7,1
60.2,100.3,0.554,22.9,133.8,1189.6,648.6,3,57.5,0
154.6,59.8,0.677,2.7,154.3,158.4,1477.5,2,27.5,1
16.3,67.3,0.873,13.4,64.1,129.4,3384.6,6,67.5,0
47.8,97.3,0.965,22.0,40.1,870.6,988.0,1,62.6,0
6.6,81.7,0.406,2.0,153.7,696.2,1805.3,2,38.2,0
47.6,96.8,0.714,1.0,125.0,332.6,162.1,3,34.8,1
230.8,66.6,0.257,3.6,145.3,99.9,334.6,4,53.1,1
179.0,107.4,0.913,4.2,73.7,107.4,886.9,2,56.0,1
107.8,98.1,0.418,3.3,90.3,1073.6,74.3,5,78.8,1
40.3,65.9,0.584,17.4,150.6,234.3,399.8,0,39.3,0
52.8,85.7,0.639,23.5,87.0,391.4,924.3,2,47.3,0
261.3,61.2,0.955,0.7,115.7,275.9,68.1,5,42.5,1
153.2,74.9,0.7,2.2,120.1,429.2,418.7,4,46.5,1
17.2,91.3,0.75,3.3,138.0,88.0,915.9,2,60.4,0
17.3,73.2,0.495,3.1,156.6,625.3,1071.6,3,59.6,0
32.1,91.1,0.355,14.2,70.2,85.8,3170.4,2,43.9,0
37.0,68.5,0.802,6.3,58.4,961.4,1293.9,6,63.2,1
33.9,94.7,0.375,2.8,35.5,284.3,692.8,2,64.3,0
160.1,74.8,0.36,4.3,140.6,650.3,3247.1,0,57.2,1
141.9,98.5,0.949,17.9,64.5,1056.7,1893.9,0,51.2,0
111.0,62.5,0.854,7.2,31.7,782.8,317.8,2,21.2,1
8.3,74.9,0.877,5.7,141.8,641.9,218.3,6,58.3,1
254.8,80.5,0.459,21.4,93.8,392.6,1401.7,4,72.0,1
44.1,78.3,0.819,11.6,138.2,402.9,1034.9,5,32.2,1
146.2,78.8,0.887,4.8,99.9,805.0,1920.9,3,77.2,1
74.4,79.5,0.219,2.0,67.4,1193.0,1661.0,3,61.9,0
48.6,109.4,0.802,15.6,42.5,795.9,1227.7,2,34.0,0
10.4,65.6,0.455,4.2,84.0,671.6,5205.7,2,28.0,0
328.6,97.3,0.72,12.4,28.6,878.1,965.2,0,34.6,1
108.7,85.3,0.811,5.1,106.3,560.9,194.0,4,75.7,1
42.9,77.7,0.819,4.5,82.7,76.9,2164.2,1,35.0,0
18.8,89.8,0.852,2.3,44.1,676.9,398.2,2,69.7,1
36.9,101.9,0.69,17.6,96.6,1149.4,1852.3,3,58.7,0
293.0,80.7,0.493,5.5,133.1,214.5,3828.9,1,58.7,1
126.6,102.6,0.758,2.7,156.6,829.6,1482.0,4,83.2,1
37.5,60.2,0.1,4.6,96.2,245.1,1137.7,1,85.0,0
57.8,90.9,0.661,1.5,42.5,645.3,790.3,2,58.0,0
57.0,73.3,0.652,1.9,134.4,120.5,593.8,3,20.2,1
27.2,76.3,0.535,1.3,118.9,543.2,572.5,1,27.9,0
110.6,86.4,0.588,3.6,153.8,908.6,1264.0,2,90.9,1
20.8,81.4,0.81,3.0,97.3,420.3,1719.7,5,25.8,1
98.7,76.0,0.565,5.3,73.2,799.6,1411.8,1,81.8,1
42.6,72.0,0.966,5.5,155.0,955.6,315.4,2,58.2,1
101.5,89.0,0.66,4.1,97.7,1113.0,867.4,4,24.1,0
56.4,82.8,0.742,4.0,27.1,285.4,1932.2,2,88.6,0
26.1,72.8,0.622,4.5,88.9,482.2,824.8,4,89.2,0
8.4,66.3,0.915,20.5,25.3,187.1,973.1,4,64.2,0
18.9,97.6,0.663,2.2,124.6,1191.0,1819.6,2,46.1,0
11.9,99.0,0.77,10.7,101.4,1112.8,1349.0,0,63.6,0
322.2,66.8,0.764,17.7,39.8,650.2,681.8,4,65.2,1
3.1,69.4,0.747,10.3,134.8,1011.2,2759.3,4,64.8,0
31.3,68.2,0.425,16.2,97.4,627.5,262.9,3,73.7,0
6.4,103.7,0.821,20.2,40.4,750.2,6538.8,1,20.4,0
57.5,97.6,0.404,5.9,46.6,111.5,201.8,2,23.2,0
9.3,59.1,0.456,0.7,136.0,907.5,68.1,4,37.6,1
145.3,100.8,0.88,3.3,73.0,157.6,2698.9,6,43.0,1
131.3,57.0,0.423,1.3,135.8,992.2,387.2,2,66.0,1
47.4,68.9,0.778,3.7,34.4,939.5,1619.9,0,28.8,0
45.5,105.5,0.593,14.0,57.9,851.9,2049.3,3,58.3,0
23.1,102.5,0.44,1.5,128.2,48.2,2400.7,3,29.8,1
41.6,98.0,0.589,14.5,111.6,367.2,5784.6,1,43.4,1
139.2,80.2,0.701,0.8,66.4,319.4,467.8,1,89.8,0
100.5,72.7,0.644,4.6,151.4,435.4,1536.5,3,86.7,1
28.8,103.5,0.47,10.5,53.5,109.7,197.1,1,91.2,0
44.8,91.1,0.649,5.3,139.7,1124.7,676.7,2,62.3,0
198.3,71.3,0.652,4.1,118.9,666.8,2310.4,2,55.1,1
139.3,80.5,0.354,19.6,41.4,370.1,600.0,1,82.9,1
149.6,103.5,0.416,3.1,99.9,479.4,1123.1,2,21.4,1
154.5,104.7,0.849,4.2,150.5,539.4,890.9,4,93.3,1
51.6,91.3,0.457,1.9,108.6,722.7,1296.0,1,52.0,0
30.0,95.3,0.663,22.9,96.4,621.2,4379.6,4,69.1,0
155.0,57.2,0.696,5.7,74.5,1103.7,118.8,1,73.3,1
107.3,88.3,0.56,17.7,131.5,598.9,1073.9,1,65.3,0
57.3,92.9,0.823,23.9,148.3,1190.6,2435.6,5,86.3,0
52.2,56.1,0.598,3.9,126.7,1022.5,837.9,0,38.1,0
272.9,101.4,0.698,1.4,122.9,254.2,148.1,4,57.6,1
80.8,106.1,0.373,0.6,51.0,1117.1,1036.6,2,49.4,0
16.7,68.1,0.588,6.7,137.6,144.1,534.3,2,71.3,0
162.5,101.5,0.616,2.1,30.5,981.9,252.0,0,46.6,1
65.3,91.6,0.814,4.7,127.2,459.8,2318.8,1,86.4,0
93.4,86.9,0.953,18.7,53.5,1054.2,934.8,1,54.2,0
168.4,101.4,0.321,17.4,90.8,1042.3,3298.6,0,57.9,1
265.0,70.7,0.807,11.2,118.9,968.1,2018.0,3,54.5,1
54.5,98.5,0.91,2.2,127.5,949.1,1467.0,2,64.8,0
350.4,72.3,0.91,3.4,144.9,369.1,56.0,3,55.8,1
173.0,98.3,0.816,4.6,63.1,101.7,720.0,1,90.0,1
108.5,79.8,0.311,16.8,55.3,486.6,314.0,2,25.5,1
25.7,61.4,0.82,3.3,159.5,212.4,2950.2,4,16.1,0
240.9,76.0,0.9,18.7,53.0,835.5,280.2,2,56.7,1
91.3,67.8,0.726,9.2,114.8,418.6,454.3,4,76.2,1
129.8,60.5,0.413,3.3,153.6,1170.9,922.9,7,66.9,1
56.7,61.1,0.911,9.2,146.0,771.0,416.8,5,92.0,0
27.9,97.9,0.727,5.0,84.8,987.9,332.7,0,29.6,0
19.7,103.5,0.335,16.2,111.1,163.4,1146.8,4,70.5,0
52.2,106.0,0.794,5.6,96.4,1035.1,161.8,1,80.3,0
22.9,102.0,0.541,2.4,71.8,1107.7,121.9,3,88.0,1
250.2,100.7,0.43,2.1,44.5,587.0,608.7,0,57.3,1
59.2,58.8,0.318,5.0,133.5,729.5,1580.4,1,44.0,0
149.1,98.5,0.689,5.3,37.2,918.9,1021.1,2,91.4,1
65.6,98.1,0.571,23.1,107.3,213.9,709.6,3,78.3,0
93.1,62.2,0.717,5.5,105.2,605.6,1051.0,5,52.7,1
139.6,91.4,0.537,3.9,70.2,481.4,595.8,4,67.1,1
11.2,79.9,0.523,3.2,43.3,179.9,3351.4,3,37.3,0
9.4,104.5,0.729,14.0,133.0,444.2,117.8,2,64.2,0
93.2,93.2,0.415,2.7,87.4,86.5,1392.8,2,58.2,0
10.9,107.3,0.637,12.8,122.9,35.8,2712.8,4,18.1,0
51.2,60.8,0.942,0.6,27.2,166.5,2004.9,0,84.3,0
135.8,57.2,0.61,1.7,35.1,1155.9,294.1,1,54.2,1
155.1,108.5,0.63,1.5,48.7,661.7,471.0,2,53.4,1
48.9,59.4,0.95,2.2,40.4,1159.2,1565.0,0,37.7,0
54.8,76.2,0.862,20.3,50.9,521.8,155.6,3,30.7,0
314.5,90.7,0.33,1.2,117.7,377.6,2054.7,2,38.3,1
29.7,103.4,0.534,7.7,31.3,609.8,1572.9,3,67.0,0
14.2,69.0,0.888,15.4,30.1,530.2,1619.5,2,22.8,0
31.7,56.6,0.267,3.8,29.3,131.3,176.8,0,41.6,0
141.0,83.7,0.567,1.8,119.2,770.8,1568.0,1,93.3,1
75.0,80.9,0.708,11.1,97.4,263.2,1416.6,1,36.7,0
14.7,71.9,0.412,5.7,75.0,745.4,2182.9,1,92.3,0
62.9,103.1,0.441,2.0,116.2,782.0,101.0,2,23.4,1
322.2,96.2,0.867,21.7,99.7,186.7,78.1,2,78.5,1
42.5,102.2,0.938,4.7,26.0,78.3,610.2,2,50.2,0
72.2,63.9,0.669,5.6,138.2,938.0,243.3,2,30.6,1
98.6,93.1,0.832,3.8,72.3,554.5,1030.8,1,78.0,0
30.7,108.6,0.525,22.9,78.9,74.5,3041.8,0,15.6,0
92.3,88.7,0.752,4.3,130.6,1193.9,646.1,0,42.8,0
63.6,64.4,0.367,3.9,50.3,74.0,2286.8,3,63.4,0
99.9,109.8,0.917,2.5,26.4,835.6,50.3,1,33.5,1
303.1,84.1,0.316,12.1,147.7,1180.5,271.4,2,41.6,1
82.5,101.2,0.829,3.7,93.2,290.8,87.1,1,22.3,0
21.6,63.2,0.7,7.9,72.2,175.0,527.3,4,83.3,1
51.9,91.6,0.63,0.9,135.6,150.1,2915.6,3,48.8,0
47.9,105.2,0.705,3.3,28.5,367.4,172.4,3,26.6,0
12.1,84.3,0.688,2.7,52.3,125.7,1168.9,1,30.9,0
45.6,70.9,0.525,0.6,46.0,832.1,770.7,3,37.0,0
128.1,62.0,0.586,9.9,124.6,79.4,3395.8,2,33.4,1
261.1,71.3,0.718,1.2,67.1,613.8,206.8,0,55.3,1
27.3,74.5,0.495,2.4,129.3,1196.1,336.0,2,87.4,0
79.8,94.0,0.816,1.0,30.6,977.7,86.0,3,29.7,1
25.8,64.8,0.779,1.6,107.1,740.2,732.9,3,51.3,0
155.2,60.8,0.603,5.3,68.0,371.0,440.6,1,68.1,1
22.8,76.3,0.667,0.6,50.2,750.6,2497.4,3,29.7,0
142.9,80.2,0.915,3.4,135.3,634.8,1164.5,0,27.3,1
170.3,89.6,0.319,2.8,80.7,514.2,1192.6,1,27.4,1
120.8,93.9,0.606,5.1,102.2,161.2,960.9,2,85.6,1
9.0,103.9,0.618,17.9,29.5,1064.5,165.6,0,71.9,0
64.1,70.9,0.98,19.1,131.9,542.5,756.6,2,41.9,0
272.7,84.1,0.715,18.2,63.7,237.6,8000.0,1,87.2,1
7.1,75.1,0.448,3.5,118.6,444.5,2213.8,1,91.3,0
20.0,55.1,0.538,12.5,127.7,499.9,2737.1,5,46.9,0
45.3,86.9,0.825,2.8,40.8,993.9,2129.5,3,55.8,0
18.9,99.9,0.662,1.8,64.9,881.7,180.5,3,43.6,0
20.8,57.0,0.45,0.8,122.7,924.3,359.7,2,33.2,0
42.8,55.2,0.758,3.5,56.3,18.2,53.8,0,77.4,1
165.3,95.0,0.85,4.2,139.5,502.3,484.0,2,66.9,1
9.7,92.6,0.618,5.6,67.1,580.2,188.0,2,44.4,0
112.2,77.3,0.55,20.6,79.3,27.9,818.2,1,16.2,1
194.4,91.4,0.732,2.2,38.5,315.5,1406.6,1,76.1,1
338.4,107.4,0.369,17.4,44.9,913.5,2540.6,3,53.2,1
34.1,68.6,0.82,24.4,62.2,168.8,1709.8,1,20.8,0
100.1,68.5,0.412,21.2,31.6,644.7,3398.1,3,25.0,1
173.0,65.2,0.692,3.2,51.1,262.2,116.5,1,65.3,1
293.7,94.8,0.376,4.4,80.2,19.5,64.7,5,58.7,1
14.0,74.4,0.487,18.1,76.3,293.2,1349.3,1,34.2,0
39.4,109.4,0.472,17.7,51.8,1171.2,459.9,1,26.2,0
93.0,94.3,0.798,0.6,35.9,962.8,400.8,2,85.8,1
26.5,75.2,0.33,4.0,67.9,1151.7,532.2,2,25.8,0
17.0,63.2,0.672,8.8,125.6,588.0,427.3,3,21.9,0
348.7,87.6,0.709,1.5,93.9,136.1,909.5,0,64.6,1
10.4,71.2,0.705,8.8,152.8,659.8,746.1,0,35.2,0
14.5,104.8,0.564,2.9,43.9,548.0,912.0,5,67.5,0
32.8,79.3,0.759,1.0,53.0,1014.0,1390.3,2,54.1,0
134.9,71.1,0.714,2.8,62.8,122.2,637.5,2,31.9,1
2.0,87.4,0.757,10.7,26.8,588.4,397.3,4,20.6,0
32.0,62.5,0.497,22.2,152.4,184.3,268.1,1,20.7,0
164.0,85.9,0.666,4.1,85.1,393.0,566.0,1,61.9,1
116.4,58.1,0.625,0.7,90.0,886.1,1674.9,3,75.7,1
11.0,88.4,0.402,2.9,46.3,573.8,1746.2,4,70.2,0
328.1,84.2,0.26,17.9,142.8,454.2,1369.2,2,62.4,1
41.2,83.6,0.728,5.7,118.5,476.4,369.9,4,31.9,0
108.9,92.6,0.877,0.7,83.2,554.0,1114.3,0,83.9,1
126.7,57.4,0.626,1.0,143.5,943.1,1064.7,1,65.3,1
21.4,80.3,0.322,7.6,147.2,1071.0,844.6,4,70.5,0
81.8,79.4,0.442,22.0,31.7,1146.6,1008.2,3,32.9,0
166.3,80.3,0.83,4.2,41.1,945.3,862.2,5,35.9,1
165.3,108.9,0.888,4.7,28.7,381.9,1050.2,6,87.6,1
36.5,62.7,0.53,2.2,103.5,827.3,1558.5,2,53.1,0
99.7,93.0,0.706,22.2,54.4,527.9,189.3,1,59.3,0
169.7,77.1,0.643,1.1,139.1,309.3,1711.8,2,23.9,1
142.8,83.1,0.894,2.6,87.9,1009.8,225.3,4,46.6,1
102.3,96.9,0.561,17.3,138.1,50.9,132.7,2,86.0,0
183.9,63.7,0.747,5.1,100.0,1082.6,4529.6,5,87.0,1
59.6,97.0,0.748,6.0,132.5,556.5,3825.6,0,73.4,0
28.9,58.9,0.559,2.4,75.2,766.5,124.8,5,58.7,1
56.3,81.6,0.604,5.1,152.6,792.9,752.8,2,89.5,0
234.1,95.8,0.695,5.0,115.1,1074.7,297.3,3,84.7,1
39.4,65.6,0.857,0.9,105.4,765.8,847.1,1,82.7,1
68.0,97.4,0.499,1.8,72.6,738.7,2177.6,3,85.5,0
111.9,64.2,0.445,2.5,151.5,84.6,3659.7,1,51.3,1
314.4,99.0,0.838,1.4,70.6,624.5,1257.0,1,57.0,1
56.3,80.8,0.386,2.9,137.8,184.5,574.2,0,48.9,0
39.4,92.7,0.808,3.8,79.6,886.2,1159.6,3,74.2,0
96.9,105.5,0.79,5.9,128.6,617.1,498.8,2,62.4,0
255.6,77.5,0.524,4.0,148.1,817.9,2937.2,5,20.6,1
11.0,67.8,0.606,2.8,87.9,54.8,2502.0,2,25.9,0
96.2,102.7,0.829,2.9,96.0,106.3,1030.4,0,30.4,0
41.2,63.9,0.848,0.9,69.6,861.0,521.3,2,68.6,1
2.0,89.7,0.526,4.6,32.4,91.1,466.7,2,23.8,0
45.3,105.8,0.456,2.4,113.1,90.2,90.8,3,58.3,1
151.2,92.1,0.523,1.9,41.2,19.5,2080.2,0,82.3,1
54.6,65.8,0.693,19.9,72.8,1148.0,768.2,2,90.8,0
305.2,63.4,0.725,14.2,72.2,886.3,521.9,4,49.3,1
46.0,68.9,0.636,10.9,45.4,427.1,814.4,2,57.7,0
16.3,76.5,0.813,1.6,115.0,359.4,2099.4,0,81.5,0
37.3,63.8,0.347,5.8,48.6,422.9,209.7,2,89.9,0
27.6,98.9,0.845,0.7,130.1,930.7,2389.4,1,46.2,0
36.7,74.6,0.705,6.2,58.7,795.3,2783.6,0,43.2,0
44.8,106.5,0.611,4.8,63.8,226.3,3568.4,1,51.1,0
36.7,101.3,0.706,5.7,71.4,213.1,658.0,2,35.3,0
25.7,105.0,0.491,10.6,45.6,122.6,343.8,1,83.8,0
35.5,71.2,0.738,1.9,83.6,794.1,611.4,2,40.5,1
111.5,86.6,0.667,17.0,35.8,918.4,535.8,2,51.0,0
248.5,72.7,0.888,24.1,82.7,321.7,282.5,2,40.6,1
65.1,69.1,0.789,22.7,70.9,30.0,1171.5,2,24.5,0
29.5,88.4,0.686,16.5,70.7,103.2,826.9,1,63.5,0
94.2,100.0,0.606,0.9,114.2,1161.6,2459.2,3,62.0,0
50.3,60.1,0.711,12.2,128.8,358.1,89.2,0,38.6,0
74.7,70.2,0.958,20.1,73.1,924.2,1288.9,5,17.5,0
31.9,66.3,0.459,6.7,60.4,751.5,1777.4,0,89.9,0
172.0,98.9,0.604,5.5,91.7,461.4,1760.0,3,43.4,1
125.2,106.3,0.624,0.8,131.3,250.8,2656.6,2,58.1,0
42.7,59.4,0.556,3.4,112.0,150.1,1616.9,4,26.5,0
68.2,75.9,0.623,16.8,30.1,739.9,3204.1,3,35.1,0
40.2,105.3,0.424,19.1,89.8,930.7,535.3,2,49.8,0
17.6,74.0,0.866,19.8,158.8,774.5,889.5,3,60.0,0
3.2,94.2,0.822,12.8,72.7,638.7,67.0,4,83.3,1
308.5,60.5,0.896,4.1,84.5,55.1,58.4,6,38.2,1
7.7,79.4,0.91,10.3,63.8,1162.3,379.5,4,84.7,1
151.2,82.7,0.784,19.3,92.2,959.5,177.5,5,51.7,1
45.3,96.7,0.886,4.8,46.7,354.9,411.7,0,49.6,0
321.4,70.9,0.825,1.3,58.3,1176.1,283.8,2,46.7,1
37.7,69.5,0.95,16.9,121.1,724.2,84.7,1,85.9,0
119.0,71.7,0.393,2.8,43.7,701.0,2930.3,3,35.1,1
304.7,85.6,0.571,2.7,150.0,898.9,59.9,3,83.6,1
168.3,103.2,0.235,3.5,66.6,975.1,1648.5,2,22.1,1
284.7,100.7,0.894,0.8,102.6,789.5,248.1,3,91.4,1
158.2,58.2,0.684,1.3,68.4,158.1,2969.6,1,55.2,1
117.0,103.3,0.775,3.8,89.5,409.2,2729.6,7,94.9,0
118.6,60.2,0.349,7.4,147.0,1114.1,1323.2,5,63.6,1
66.5,77.8,0.835,5.6,34.3,273.4,1388.5,1,24.4,0
60.1,97.1,0.143,14.7,140.6,449.7,56.4,7,19.9,1
41.1,59.5,0.518,16.4,100.3,521.3,5079.4,1,30.5,0
54.9,57.2,0.554,4.3,114.8,530.1,2572.8,2,48.7,0
37.2,73.1,0.935,7.5,32.5,737.5,2755.8,4,74.8,0
35.8,95.1,0.905,1.0,127.8,1132.0,1341.9,0,15.1,0
42.4,83.7,0.698,4.6,42.3,292.6,557.4,1,35.6,1
156.2,77.9,0.707,2.9,155.3,150.2,2739.2,1,62.0,1
162.8,99.7,0.447,13.0,132.9,241.0,463.6,1,38.8,1
21.0,97.2,0.443,10.9,91.5,1064.9,1042.6,1,43.6,0
24.7,98.2,0.795,4.2,149.8,776.7,176.1,5,39.1,1
105.9,80.3,0.438,4.6,47.8,346.7,3110.6,2,91.3,0
62.5,56.1,0.554,16.7,158.9,980.1,232.1,0,20.3,0
290.4,64.5,0.805,23.3,121.8,1034.3,355.7,0,87.6,1
102.3,95.8,0.636,18.6,38.3,1016.6,1030.1,2,40.9,0
33.1,96.4,0.739,1.5,97.4,1103.1,1783.2,3,34.7,1
22.7,108.5,0.825,2.7,121.0,306.4,1209.1,4,85.7,1
139.0,65.5,0.844,8.7,107.8,907.3,367.0,3,38.0,1
88.4,61.8,0.757,4.4,82.2,555.3,51.1,0,94.0,1
41.1,62.6,0.918,3.3,58.5,1011.2,1748.4,1,58.8,0
138.4,65.2,0.448,0.6,57.2,875.5,5106.3,5,53.1,1
112.5,84.1,0.359,4.1,150.1,932.9,2042.3,1,93.1,0
26.1,108.6,0.415,24.4,56.7,789.1,789.9,0,33.1,0
161.0,87.4,0.852,1.4,154.9,217.0,2859.2,1,87.7,1
26.5,83.7,0.487,3.6,53.4,656.3,682.8,2,62.3,0
94.8,92.0,0.62,1.8,76.9,1181.7,943.2,0,75.4,0
194.8,59.1,0.242,3.6,26.7,1125.2,828.1,1,61.6,1
73.0,99.8,0.577,4.4,146.9,56.6,762.2,2,64.5,0
139.2,90.6,0.174,7.3,39.1,202.0,1841.0,6,27.4,1
91.0,64.4,0.183,2.0,73.2,162.4,947.8,3,27.1,1
45.0,89.7,0.62,9.3,138.7,872.5,507.0,2,46.8,0
15.4,87.8,0.559,18.0,131.9,982.3,408.3,0,42.7,0
41.9,58.6,0.922,17.8,138.6,260.1,96.2,5,72.0,1
169.1,69.7,0.507,19.2,148.4,609.5,1100.2,1,72.8,1
79.3,76.5,0.786,5.8,148.0,1009.6,363.6,2,60.1,0
93.0,68.5,0.716,3.5,129.0,880.7,242.4,3,47.2,1
20.5,68.4,0.43,18.8,103.6,653.0,1323.0,1,69.1,0
79.0,86.5,0.558,18.0,100.8,710.5,1421.9,0,70.0,0
11.8,80.9,0.672,1.4,26.7,612.5,1723.9,3,79.7,0
25.3,91.7,0.513,1.4,122.5,360.6,890.4,1,79.9,0
138.1,107.6,0.764,17.9,55.6,680.2,2743.8,1,20.6,0
163.9,91.3,0.785,12.7,136.9,828.2,3355.1,3,44.9,1
117.0,87.0,0.743,4.6,99.8,1048.6,2026.4,3,48.6,0
16.1,101.6,0.722,4.5,158.3,765.4,1261.4,4,82.8,0
21.1,89.8,0.536,2.1,53.4,914.5,484.4,3,55.1,1
38.2,64.1,0.546,5.0,122.7,196.3,4935.6,3,54.1,0
24.4,72.3,0.769,2.0,98.9,556.6,434.5,1,59.3,1
121.9,95.3,0.228,1.4,150.8,16.2,321.8,1,25.2,1
30.2,95.6,0.329,19.1,60.9,299.8,750.4,0,60.2,0
160.1,109.3,0.941,15.1,33.0,873.1,120.2,0,59.1,1
30.6,89.5,0.845,19.0,98.4,1190.2,4657.3,1,75.4,0
32.8,104.5,0.7,2.9,95.4,123.5,1115.3,1,65.7,0
234.5,58.0,0.66,13.7,67.1,484.8,1026.9,2,91.4,1
70.1,86.1,0.727,1.9,158.2,961.1,1329.8,4,21.4,0
108.7,105.6,0.857,10.7,34.4,248.8,874.7,2,76.7,0
18.1,70.8,0.688,8.6,101.9,668.3,89.1,2,75.1,1
27.4,63.5,0.564,4.8,60.1,881.0,1187.1,6,36.5,0
122.8,74.3,0.47,14.6,25.3,741.1,1561.3,1,70.9,1
31.4,98.6,0.844,19.1,158.4,229.7,697.0,2,67.7,0
115.6,59.7,0.759,4.0,90.0,429.7,1749.1,5,38.9,1
132.5,88.0,0.5,14.1,140.7,941.6,359.0,1,72.9,1
113.7,62.5,0.941,2.2,138.4,667.3,350.1,9,89.5,1
26.4,79.0,0.655,1.2,134.7,11.2,261.3,4,39.4,1
116.9,108.1,0.909,5.2,87.0,914.4,608.2,0,93.4,0
148.1,65.7,0.659,5.1,146.0,47.2,2302.9,6,32.9,1
119.8,56.9,0.41,2.0,74.6,896.2,2161.7,2,25.8,1
118.8,78.5,0.84,21.6,80.1,247.0,629.1,5,21.2,1
11.8,86.8,0.433,2.2,59.5,1149.9,1117.3,4,32.1,1
37.2,71.4,0.682,7.4,85.5,444.7,1581.1,2,42.4,0
29.7,84.8,0.495,3.6,158.2,395.7,381.2,5,73.7,0
13.7,107.4,0.83,8.5,102.4,182.9,270.9,0,20.8,0
43.9,72.1,0.295,17.1,137.2,370.2,4344.8,1,55.6,0
270.4,72.0,0.86,6.5,60.6,1052.6,1203.4,2,56.5,1
103.6,81.6,0.659,23.4,154.0,1195.6,4832.5,4,33.2,0
41.3,83.3,0.7,5.7,26.8,445.1,544.5,3,18.6,0
165.9,55.1,0.53,2.4,150.6,541.1,1507.0,2,33.0,1
143.0,88.9,0.494,2.9,146.2,867.9,352.2,5,33.4,1
29.2,109.9,0.546,1.7,34.1,1064.0,413.3,1,70.0,1
84.1,71.1,0.98,2.9,106.7,713.7,910.7,2,33.7,1
266.5,89.7,0.624,21.4,131.0,472.9,512.1,0,42.2,1
25.7,55.3,0.598,8.1,79.5,498.1,270.2,0,18.8,0
42.6,88.2,0.588,15.6,37.4,836.3,416.0,2,64.9,0
103.2,79.6,0.489,5.0,137.0,8.8,93.7,3,52.9,1
39.0,84.2,0.679,23.0,88.0,745.4,1512.6,4,42.6,0
159.1,84.9,0.675,8.5,60.5,429.8,863.0,2,71.2,1
76.3,64.7,0.919,5.3,34.6,954.1,168.8,2,69.6,1
139.6,97.3,0.579,4.7,111.4,116.1,276.0,4,41.2,1
82.3,85.6,0.891,12.4,30.7,707.9,179.8,3,71.8,1
175.3,69.9,0.672,1.2,131.8,579.8,1187.9,1,42.9,1
132.4,106.6,0.797,18.1,129.1,772.6,168.7,1,32.8,1
139.3,55.7,0.493,24.4,68.6,82.5,1734.3,3,72.6,1
356.9,94.9,0.585,4.9,88.8,698.1,74.9,1,73.2,0
71.7,76.0,0.573,11.2,115.3,676.0,394.2,2,84.3,0
269.6,83.7,0.832,1.9,154.5,675.0,2706.0,2,55.1,1
132.0,71.0,0.639,4.4,95.2,726.2,1571.3,2,33.6,1
17.8,72.7,0.784,5.4,159.6,813.4,140.9,1,82.0,1
32.1,55.8,0.839,2.3,68.9,967.0,2115.3,5,29.0,1
35.2,95.1,0.863,5.0,96.1,327.4,865.2,0,90.1,0
60.2,94.1,0.781,2.2,40.6,990.9,2301.1,4,39.5,0
106.5,91.0,0.457,17.1,100.1,600.4,1151.8,4,16.5,0
170.8,103.3,0.713,10.5,97.4,97.1,1424.2,3,29.9,1
29.3,104.6,0.713,2.8,139.6,75.0,6093.4,0,48.2,0
43.6,85.6,0.71,2.0,159.5,404.4,367.3,2,19.4,1
70.1,92.7,0.516,9.0,158.1,943.0,1223.6,0,47.8,0
104.2,55.6,0.47,5.8,56.9,850.7,790.1,3,31.2,1
222.5,101.5,0.431,5.0,70.7,947.4,98.3,3,16.5,1
95.1,99.9,0.886,5.9,62.1,623.1,67.5,1,38.9,0
14.4,56.1,0.939,5.2,52.0,531.0,202.3,2,33.1,0
79.2,84.9,0.821,0.9,45.3,181.2,1306.7,3,48.6,0
29.2,104.9,0.847,4.2,94.1,397.2,1054.9,1,75.7,0
26.5,65.0,0.868,3.9,142.8,523.7,1017.4,0,55.8,0
353.6,74.4,0.814,2.0,104.6,110.9,88.9,1,76.4,1
134.1,73.2,0.457,15.3,142.8,268.6,810.3,4,41.9,1
73.8,74.6,0.407,1.7,154.5,719.9,3152.3,4,16.1,0
21.8,57.3,0.879,7.7,76.7,884.1,658.2,2,88.8,0
33.3,70.3,0.646,1.8,137.8,1198.0,1226.7,1,40.2,0
116.3,71.2,0.867,8.3,32.1,1120.1,1866.0,2,57.2,1
153.1,102.6,0.509,17.8,89.9,772.9,1888.6,1,52.5,0
170.0,74.4,0.939,4.9,74.7,508.4,929.0,2,61.6,1
61.7,79.6,0.599,14.9,52.7,765.2,2391.9,1,85.8,0
20.1,75.9,0.479,3.9,84.2,943.9,645.9,2,84.4,0
68.6,61.6,0.677,2.6,84.9,146.4,2684.6,1,93.5,0
49.4,109.5,0.8,1.1,134.2,494.8,379.7,4,57.3,1
38.4,100.4,0.821,15.2,142.3,1008.6,444.6,4,88.8,1
63.9,84.8,0.345,3.1,113.7,463.7,115.5,0,53.6,0
110.1,81.2,0.317,3.6,110.5,688.4,1955.1,3,18.6,1
16.2,90.7,0.823,4.4,39.9,707.4,697.6,0,26.7,0
11.0,73.0,0.848,4.9,102.7,225.4,362.3,1,41.7,0
23.3,57.8,0.395,4.9,62.1,437.9,366.4,3,73.0,0
96.6,77.2,0.584,0.9,64.8,404.7,2830.0,0,21.5,0
11.7,109.1,0.606,18.8,37.8,36.3,2204.3,4,43.9,0
163.4,65.0,0.887,22.5,110.8,33.9,1017.7,2,93.6,1
18.8,84.0,0.701,2.0,103.8,998.9,1198.9,5,77.9,0
39.2,55.5,0.789,0.9,54.7,331.3,821.7,2,60.8,0
39.8,61.7,0.803,0.6,60.5,624.1,646.4,5,19.9,1
21.8,87.3,0.498,5.7,129.4,362.0,3014.9,1,16.2,0
9.2,71.4,0.392,24.4,132.0,1129.1,211.1,2,23.4,0
323.8,104.8,0.31,2.5,91.6,314.9,700.5,4,41.2,1
50.8,77.3,0.67,17.7,45.1,518.4,556.9,0,63.5,0
8.9,66.4,0.47,23.3,32.5,1047.9,877.3,2,30.8,0
41.5,85.0,0.712,3.9,61.6,1011.1,784.2,2,19.1,0
169.0,98.7,0.98,5.5,123.7,227.4,928.0,3,22.3,1
325.1,56.1,0.423,2.1,106.1,964.2,230.9,1,49.1,1
206.9,82.8,0.723,5.4,121.9,552.5,913.7,6,76.9,1
300.6,97.5,0.957,5.8,88.7,582.1,383.1,1,80.7,1
52.5,60.7,0.684,2.0,126.9,164.5,294.5,3,38.3,0
45.5,104.7,0.811,24.1,89.9,101.3,130.4,1,68.1,0
146.9,69.5,0.565,1.7,36.3,874.9,1775.9,0,46.4,0
20.6,64.4,0.623,23.3,35.8,598.3,719.2,2,92.8,0
59.8,87.4,0.574,4.5,137.3,527.0,1232.3,2,47.4,0
53.1,64.6,0.655,13.9,110.0,876.8,1610.6,5,46.7,0
25.4,92.4,0.705,3.1,62.7,919.8,1414.8,0,55.1,0
38.8,82.0,0.781,11.7,127.2,194.9,813.0,6,17.0,1
33.0,61.0,0.724,1.6,43.3,734.2,639.0,3,48.4,1
151.1,105.2,0.619,4.9,112.1,166.7,615.8,6,81.3,1
16.8,92.0,0.563,20.0,158.6,902.9,1276.1,2,64.0,0
28.3,85.0,0.5,5.0,45.3,790.1,869.3,5,92.6,0
94.9,75.6,0.868,19.9,44.2,1148.2,2319.6,4,41.0,1
163.9,62.4,0.913,23.7,88.2,87.4,2542.5,4,27.9,1
33.8,93.9,0.612,6.2,111.8,73.2,274.4,4,75.0,1
9.0,99.8,0.689,1.7,28.6,342.2,225.7,2,18.5,0
29.2,61.9,0.609,1.4,92.5,317.7,1244.4,6,27.8,1
34.6,82.2,0.548,1.6,36.2,300.1,480.1,0,55.6,0
16.1,81.7,0.794,2.7,57.6,1088.0,72.5,4,75.3,0
99.4,74.2,0.601,2.9,121.2,303.2,2684.0,0,63.1,0
96.9,98.4,0.694,3.7,124.7,330.0,358.8,3,94.6,1
220.4,60.5,0.652,4.3,123.5,912.5,3228.8,3,67.4,1
200.2,66.3,0.818,4.1,33.8,542.4,1566.6,4,73.0,1
21.2,55.1,0.691,2.0,131.2,933.2,1775.9,4,94.5,0
348.6,75.5,0.641,4.9,83.3,83.1,320.0,3,62.4,1
38.3,71.0,0.601,4.2,89.2,587.6,370.2,3,72.2,0
79.7,102.7,0.495,0.6,81.7,45.2,933.9,1,38.9,0
5.8,96.0,0.908,12.0,140.7,79.9,276.6,1,57.9,0
30.2,59.6,0.476,1.9,116.8,1088.2,487.4,1,88.0,0
84.8,95.8,0.47,0.8,92.5,171.4,515.4,3,83.3,1
95.4,92.1,0.877,0.5,137.6,641.2,258.7,1,39.5,1
108.9,70.5,0.566,0.6,133.7,496.3,325.6,4,43.6,1
11.4,55.9,0.496,9.7,25.7,420.1,1914.5,3,82.7,0
64.2,61.3,0.503,3.5,89.6,1080.3,269.5,2,37.8,0
307.5,68.7,0.477,2.8,30.7,31.1,84.6,1,86.0,1
99.6,99.9,0.543,1.4,66.5,798.2,1241.0,1,76.9,0
259.0,80.6,0.851,20.5,133.5,1156.3,4524.8,2,27.2,1
134.5,105.5,0.98,19.3,152.4,674.4,532.7,2,72.6,0
44.2,98.4,0.612,6.0,57.7,1124.5,201.6,4,81.7,0
85.9,70.8,0.897,4.9,27.9,67.4,1063.8,0,26.5,0
189.3,101.5,0.609,3.2,79.3,505.5,2891.9,3,51.6,1
98.6,61.4,0.566,24.1,70.2,315.9,1889.3,4,84.0,1
120.0,57.0,0.445,23.6,116.4,878.3,1219.1,3,30.9,1
19.7,88.5,0.673,5.3,91.8,1177.7,504.1,1,50.9,0
31.4,73.8,0.385,19.6,78.8,311.6,986.7,3,64.0,1
34.0,73.1,0.55,17.0,56.0,786.7,164.8,2,22.8,0
322.5,92.8,0.665,4.3,136.8,241.7,1413.4,3,32.0,1
85.6,101.8,0.736,1.4,58.5,680.6,1599.6,4,52.3,1
231.3,72.7,0.681,19.3,32.4,559.4,4074.0,2,44.9,1
305.5,72.9,0.567,0.9,101.2,1166.5,412.0,1,41.0,1
102.5,84.4,0.42,7.5,67.8,732.2,72.4,4,17.1,1
22.4,90.9,0.921,6.4,121.2,422.7,996.6,3,89.2,0
168.8,66.2,0.291,2.9,35.9,141.3,1522.2,5,84.7,1
76.2,105.2,0.797,2.4,155.5,185.7,1925.1,0,46.4,0
96.5,91.0,0.559,5.1,50.2,274.3,308.4,3,29.5,0
87.5,89.4,0.651,0.9,73.2,304.9,414.2,2,20.5,1
31.5,104.7,0.563,9.9,89.9,1021.5,912.4,2,24.9,0
61.6,104.9,0.813,5.1,145.2,675.7,531.6,4,63.2,1
17.9,62.5,0.583,4.9,122.5,630.5,2413.7,0,73.7,0
36.8,63.0,0.87,12.7,44.6,142.1,820.4,0,27.5,0
11.3,96.9,0.889,10.4,84.2,1032.9,1978.8,3,24.0,0
21.9,107.6,0.836,22.1,98.3,868.8,1092.8,1,70.3,0
141.0,91.7,0.646,9.4,119.8,85.9,1829.8,5,56.4,1
15.2,77.6,0.81,5.0,102.2,850.9,535.4,0,44.7,0
59.3,92.6,0.523,0.9,86.7,654.5,2186.4,2,73.0,0
98.4,67.6,0.603,18.3,128.3,102.7,435.2,1,51.5,1
135.3,109.9,0.544,10.4,76.0,552.7,997.9,1,52.2,0
96.4,78.7,0.686,18.6,158.3,584.2,339.0,3,16.3,1
297.3,106.2,0.783,15.2,153.0,203.1,824.4,3,40.3,1
62.3,78.7,0.472,13.2,120.5,1135.1,509.6,5,15.4,0
14.9,106.0,0.886,4.1,144.2,1020.7,422.2,1,88.9,0
27.4,73.5,0.54,0.9,78.1,804.5,4143.0,0,38.5,0
294.1,96.8,0.577,4.3,103.5,557.4,259.3,2,29.4,1
152.0,107.3,0.551,4.2,61.8,497.1,1907.6,2,22.3,0
162.9,90.5,0.653,5.9,144.6,782.9,5024.6,2,18.7,1
24.6,92.3,0.971,16.0,88.6,656.8,74.1,1,85.9,0
151.3,60.7,0.94,2.6,97.4,79.4,1490.9,2,28.5,1
224.2,81.1,0.447,2.7,141.7,617.4,399.9,2,64.4,0
51.7,103.8,0.534,2.4,132.6,968.7,99.6,4,67.1,1
51.3,68.3,0.814,2.7,68.4,553.8,668.8,1,40.4,0
90.7,98.4,0.651,6.1,36.8,67.1,3334.1,4,81.7,0
144.8,92.2,0.82,12.7,46.9,944.6,64.2,2,32.1,1
150.1,67.3,0.523,2.4,70.8,245.6,1113.7,1,20.7,1
15.7,70.6,0.897,20.4,66.2,314.1,885.1,5,20.5,1
205.9,78.5,0.753,5.8,30.2,201.8,2529.9,0,39.0,1
36.9,61.9,0.748,0.9,83.3,399.6,155.3,4,52.1,1
114.5,105.2,0.723,4.0,39.3,909.3,1423.1,4,65.3,0
172.0,95.7,0.76,7.3,54.8,625.7,1417.7,2,73.3,1
188.3,75.1,0.815,7.2,131.3,249.8,1377.1,0,29.3,1
174.2,71.5,0.923,4.2,91.8,1054.0,3473.7,3,69.7,1
25.4,92.9,0.286,2.3,75.3,1056.1,2128.5,5,29.6,0
33.3,78.3,0.542,1.5,50.0,1045.3,101.5,1,94.8,0
8.4,67.6,0.538,5.7,141.9,290.4,814.3,1,91.7,0
92.3,78.7,0.698,3.9,147.0,544.2,658.9,2,23.2,1
32.5,102.9,0.555,2.4,95.0,1182.1,495.5,1,67.4,0
9.4,58.8,0.694,16.6,149.4,927.6,770.3,1,87.3,0
60.4,75.3,0.435,4.2,87.7,37.5,631.8,2,21.5,0
285.0,107.9,0.804,2.0,39.5,82.9,729.5,2,24.9,1
80.0,55.8,0.563,1.8,27.3,559.4,4700.9,0,42.8,1
53.1,104.0,0.478,5.0,42.3,1091.5,161.4,3,22.7,0
141.8,75.6,0.471,24.1,109.1,648.7,3114.8,0,85.8,1
83.4,65.4,0.463,3.7,68.3,599.9,835.3,1,85.0,1
104.2,55.8,0.865,1.9,112.5,131.0,1223.0,4,90.9,1
99.9,58.9,0.68,2.7,93.6,789.9,2177.6,3,31.4,1
60.5,64.5,0.613,8.3,70.0,987.4,586.4,2,18.6,0
147.9,56.4,0.881,2.9,54.5,459.6,725.4,2,50.6,1
21.2,73.5,0.671,5.1,35.9,931.9,682.2,4,85.4,0
162.8,57.5,0.511,12.5,130.6,1157.5,613.5,1,66.1,1
190.4,93.1,0.955,7.9,135.6,248.5,3166.8,3,94.9,0
97.6,100.0,0.719,4.2,98.1,630.4,2168.8,1,87.5,0
31.6,103.8,0.719,3.9,46.2,348.1,188.5,2,46.4,1
68.9,85.2,0.395,8.0,60.6,952.5,187.3,0,18.2,0
28.0,107.1,0.653,2.5,153.9,695.2,720.1,0,15.4,0
48.6,55.3,0.483,5.6,55.5,763.3,174.6,4,66.5,0
30.6,62.4,0.612,15.0,32.7,958.5,1208.2,0,88.3,0
56.9,71.1,0.628,16.0,99.3,478.2,236.1,2,50.5,0
66.4,98.4,0.845,0.8,60.4,1098.5,936.7,1,84.9,0
308.6,103.7,0.848,24.4,154.3,642.0,58.7,3,60.3,1
102.5,89.0,0.706,2.5,102.6,193.8,506.8,3,22.8,0
273.1,76.1,0.584,19.7,155.4,836.6,1406.8,3,78.9,1
115.3,91.6,0.587,1.3,131.1,952.9,844.1,4,54.4,1
40.4,64.9,0.617,22.2,122.6,383.5,4644.8,2,19.1,0
17.5,80.2,0.304,0.7,137.1,1029.3,2536.8,0,80.2,0
311.2,82.9,0.715,1.3,106.7,1087.8,583.8,0,75.6,1
38.7,60.8,0.867,23.4,26.5,335.9,105.9,1,51.6,0
60.1,56.9,0.293,2.6,78.0,1180.3,2292.1,1,16.6,0
98.0,96.3,0.77,20.6,54.6,173.2,2956.1,0,42.8,0
139.7,84.4,0.503,24.3,83.6,246.4,2111.9,2,49.8,1
50.3,73.3,0.893,16.0,88.5,225.1,214.3,2,28.2,0
328.8,79.0,0.666,9.6,42.3,1073.3,7457.7,5,27.9,1
122.2,107.7,0.515,24.6,28.2,786.9,409.0,2,28.4,1
92.0,76.2,0.582,2.0,43.7,186.8,1595.7,2,44.6,0
36.4,60.7,0.706,1.1,140.8,531.2,2913.6,1,80.4,0
37.7,80.5,0.27,5.5,127.0,740.3,372.5,2,75.7,0
26.2,90.6,0.262,0.8,132.9,104.7,2916.5,2,15.8,0
34.1,55.7,0.477,4.2,62.3,1059.5,494.4,1,15.8,0
135.5,73.3,0.747,7.8,56.9,965.3,4546.5,3,21.2,1
8.8,76.6,0.849,12.2,30.0,608.7,446.3,1,52.3,0
218.2,80.5,0.5,3.9,88.8,1160.7,3730.3,1,86.1,1
34.3,71.6,0.539,5.7,76.6,504.2,116.0,3,29.6,0
16.4,91.7,0.323,0.9,137.8,1181.0,1532.4,1,53.1,0
48.2,107.0,0.545,23.2,117.1,803.2,961.4,1,18.3,0
48.6,105.3,0.29,4.7,44.5,763.4,829.8,1,16.6,1
18.8,91.5,0.326,4.8,158.3,203.3,353.5,2,15.6,0
249.5,82.9,0.65,3.0,129.0,1058.9,1517.4,3,73.9,1
121.9,100.4,0.383,2.9,122.2,515.9,304.1,2,16.9,0
265.7,101.0,0.487,22.7,54.2,198.9,1015.8,2,36.9,1
120.9,100.6,0.697,0.7,147.2,20.1,400.4,0,66.6,1
48.6,63.7,0.69,7.6,89.0,673.9,3788.0,2,64.5,0
133.5,56.4,0.784,24.8,65.2,635.2,84.9,5,19.4,0
17.1,109.1,0.608,3.9,113.4,864.6,317.4,3,35.5,1
243.8,107.8,0.213,2.2,53.6,1068.9,383.0,4,66.1,1
86.6,86.0,0.794,15.7,147.5,99.9,691.5,4,46.4,0
13.7,109.6,0.886,23.8,140.3,879.1,367.9,0,52.3,0
134.5,97.4,0.612,13.2,87.8,229.0,861.2,5,31.6,1
80.5,83.5,0.691,1.8,50.7,1030.5,2521.2,2,18.0,0
111.4,76.4,0.594,5.1,92.0,983.8,1544.0,3,42.6,0
247.0,87.6,0.546,4.6,45.1,651.2,1090.9,0,69.6,1
44.2,83.4,0.64,8.3,61.4,853.7,161.9,2,76.3,0
27.0,109.7,0.788,16.1,90.2,380.6,1471.0,2,62.4,0
54.7,82.0,0.643,4.5,27.9,568.0,268.4,1,46.5,1
11.2,101.0,0.42,4.4,128.4,986.9,1902.2,1,61.7,0
59.1,99.7,0.543,19.0,51.6,553.8,395.3,2,71.4,0
150.0,58.9,0.402,3.5,142.0,432.6,697.6,1,75.4,1
278.4,59.8,0.697,1.2,28.0,595.6,567.8,2,22.6,1
294.3,91.3,0.963,4.1,96.8,994.8,2399.2,1,79.2,1
113.4,69.3,0.505,11.4,129.8,405.6,212.4,4,20.1,1
37.4,91.2,0.864,7.2,57.1,212.6,1050.7,3,84.6,0
59.9,63.0,0.552,18.8,120.5,855.9,233.9,0,46.4,0
254.3,76.8,0.534,24.3,122.3,992.0,1514.1,2,58.8,1
254.4,60.6,0.628,21.7,111.1,125.3,2875.6,3,38.2,1
45.0,70.5,0.667,1.7,74.2,291.6,734.3,3,49.1,0
24.6,59.9,0.533,24.3,131.0,174.7,853.5,4,82.6,0
32.0,108.4,0.51,2.4,109.8,420.8,3197.7,5,38.7,0
43.1,76.7,0.721,2.3,104.7,543.2,933.2,3,60.1,0
149.4,104.6,0.625,5.5,135.6,899.8,852.4,4,66.8,1
46.6,108.4,0.551,1.1,58.0,783.1,1086.2,5,26.7,1
28.2,105.0,0.681,4.8,56.4,747.0,1452.4,0,77.2,0
293.6,80.0,0.437,5.1,77.2,426.1,185.6,1,94.9,1
22.0,97.8,0.1,5.9,34.9,1010.5,2115.2,2,27.4,0
38.7,63.5,0.308,0.6,70.5,568.2,736.2,1,76.4,0
23.4,60.2,0.82,0.6,79.8,1175.0,140.1,4,26.8,1
95.6,103.2,0.235,24.2,91.8,762.8,1901.2,1,91.0,0
26.9,56.7,0.697,1.6,59.3,155.9,617.8,2,47.9,0
51.5,108.5,0.715,5.2,147.4,813.0,176.9,1,93.4,1
71.5,92.0,0.365,10.6,63.5,393.5,1255.4,4,20.4,0
18.1,78.1,0.556,18.1,140.0,825.2,2595.6,1,78.3,0
149.0,62.8,0.631,1.2,85.1,88.2,2674.5,3,52.9,1
25.1,94.8,0.513,15.8,122.0,214.0,3844.5,2,38.2,0
22.5,86.0,0.52,0.9,40.0,1027.6,2477.3,4,74.8,0
101.7,94.1,0.566,8.0,98.5,276.5,52.6,2,65.8,1
133.1,78.0,0.843,4.1,154.7,1005.3,624.1,5,87.2,1
28.4,58.6,0.703,5.1,114.9,338.7,2098.1,2,34.9,0
157.2,72.3,0.44,3.7,135.7,773.2,597.3,1,90.2,1
78.8,72.3,0.754,0.7,60.2,834.5,1154.2,3,66.3,1
202.1,55.5,0.653,20.4,133.0,617.6,1168.7,2,51.0,1
19.9,55.5,0.408,5.8,72.4,369.8,595.0,3,19.3,0
44.0,73.2,0.818,4.3,90.5,259.1,2868.0,1,76.2,0
119.0,95.0,0.491,5.9,50.4,44.7,889.5,1,83.7,0
67.2,89.3,0.717,1.0,90.6,368.2,800.1,2,79.8,0
18.9,68.1,0.649,12.0,94.6,785.5,7246.4,1,73.9,0
167.9,88.2,0.564,5.3,109.0,1126.3,866.3,2,92.6,1
35.0,90.6,0.589,4.4,142.3,1046.1,285.8,3,82.9,0
124.1,83.7,0.804,2.5,66.2,920.4,913.6,3,89.2,1
65.1,83.7,0.728,14.9,157.9,947.2,2068.5,2,73.4,0
218.7,75.3,0.724,5.3,139.4,799.7,1849.9,1,80.6,1
69.3,61.8,0.863,4.3,79.4,316.0,1914.7,1,38.1,0
23.0,76.2,0.602,7.1,55.6,1089.1,1527.3,2,68.5,0
98.2,74.0,0.6,11.3,34.7,806.5,402.0,2,31.4,1
29.6,87.6,0.398,2.0,56.6,674.7,2427.3,3,20.5,0
238.6,102.1,0.58,21.5,144.4,137.6,2736.9,1,61.3,1
148.9,75.6,0.59,22.0,64.4,539.2,309.0,1,77.6,1
139.7,94.0,0.55,0.6,43.6,555.1,217.7,2,21.6,1
36.6,99.7,0.594,1.9,28.1,1038.2,4506.1,2,29.5,0
18.7,66.6,0.734,0.5,65.2,658.2,2482.9,2,22.4,0
339.7,104.6,0.79,9.1,54.2,459.6,2734.6,4,65.7,1
12.1,58.9,0.737,17.7,38.8,1172.3,2659.8,1,21.4,0
139.2,104.6,0.761,2.6,153.4,137.3,986.2,4,22.5,1
116.0,64.0,0.508,1.2,61.1,509.9,1297.5,1,36.1,1
86.8,73.5,0.571,1.5,25.8,55.2,995.9,4,36.6,1
66.2,88.3,0.728,25.0,152.5,889.2,113.1,1,59.6,0
56.6,104.8,0.748,7.7,103.1,1102.1,1692.2,6,17.6,1
55.2,69.1,0.851,9.9,36.2,339.6,894.6,3,64.2,0
27.2,97.0,0.734,6.0,29.2,1030.7,1302.0,3,47.9,0
18.7,94.1,0.726,1.7,39.6,354.2,888.1,1,29.3,0
36.2,63.8,0.721,0.5,104.9,1093.4,862.3,1,67.3,1
16.8,81.4,0.6,4.6,33.4,906.0,276.2,3,41.4,1
102.7,81.5,0.501,4.8,101.7,966.9,442.1,1,81.2,1
149.4,71.8,0.744,3.8,113.1,26.5,257.6,1,94.2,1
57.1,97.9,0.64,14.0,44.9,1155.6,311.3,3,77.3,0
13.6,105.9,0.827,1.4,90.9,873.4,4383.3,2,74.4,0
47.6,94.4,0.824,24.4,155.1,369.2,249.4,4,43.4,0
183.6,108.5,0.636,2.9,137.9,996.1,426.5,1,57.8,1
56.2,57.8,0.643,18.5,122.7,341.4,1121.6,3,19.2,0
160.6,57.0,0.736,3.5,94.9,1047.9,1180.5,1,73.2,1
47.5,104.2,0.421,1.9,78.2,139.5,250.6,1,69.0,0
26.4,104.4,0.724,18.7,85.9,845.9,1944.2,0,36.5,0
106.8,60.9,0.546,0.8,128.2,651.1,1895.7,0,57.7,1
27.7,74.7,0.823,7.5,99.8,120.4,375.1,3,69.3,0
77.4,100.9,0.1,4.3,128.2,294.1,458.7,0,44.4,0
82.5,62.1,0.604,1.1,155.9,19.8,3386.5,3,73.0,1
117.6,69.7,0.775,3.4,111.5,565.2,2146.2,1,78.7,1
19.2,92.5,0.812,5.8,106.4,365.0,1486.0,2,32.9,0
80.4,109.0,0.655,3.3,79.8,720.0,153.0,2,39.1,1
159.5,98.8,0.36,23.3,51.6,360.2,700.1,0,47.1,1
52.8,97.8,0.842,5.1,75.5,363.4,1033.3,2,33.9,0
113.9,73.8,0.413,1.6,95.2,893.1,299.0,5,77.0,1
277.7,91.4,0.511,4.4,29.7,62.5,763.5,1,60.7,1
49.7,61.2,0.493,4.0,89.2,1084.0,1152.6,1,45.4,0
162.0,109.6,0.819,3.8,141.4,1023.5,525.9,4,16.3,1
16.1,81.4,0.772,10.3,156.8,803.0,1872.1,3,41.1,0
47.2,90.1,0.676,7.5,140.5,713.9,2252.5,1,81.9,0
143.5,103.2,0.735,5.8,48.2,1071.3,519.2,2,74.5,1
148.1,55.1,0.588,24.7,45.9,226.5,2239.1,2,20.4,1
35.9,108.7,0.218,12.6,78.1,99.4,181.2,1,79.1,0
158.2,74.8,0.959,2.2,55.4,291.2,2232.2,3,29.3,1
63.2,73.7,0.796,4.7,116.3,954.5,248.9,3,94.0,0
46.7,63.0,0.789,20.8,36.4,46.4,153.9,2,84.5,0
26.3,102.2,0.881,3.3,84.9,701.5,1281.9,2,88.1,1
66.2,102.9,0.585,0.5,62.8,1194.5,816.2,1,76.6,0
53.8,56.1,0.403,5.4,105.4,1027.6,2911.7,2,71.9,0
60.0,58.1,0.146,5.0,132.6,628.1,591.5,0,34.6,0
148.6,105.5,0.826,1.3,149.7,81.1,456.2,3,61.9,1
22.1,61.8,0.733,4.7,155.1,998.5,883.5,2,70.7,0
54.0,89.2,0.674,1.2,72.4,720.8,780.4,1,38.0,0
30.8,89.1,0.535,3.8,140.5,142.3,556.7,2,46.9,0
241.6,102.8,0.822,0.8,104.9,117.2,1470.0,2,90.8,1
74.3,86.5,0.825,15.3,118.5,1092.0,1760.4,0,47.6,0
252.4,78.9,0.818,13.1,139.9,804.7,2350.7,1,40.2,1
38.8,108.6,0.683,2.7,42.6,996.0,4377.9,1,23.6,0
23.9,67.6,0.343,23.0,152.9,1055.4,422.2,6,42.3,0
102.8,69.4,0.908,15.2,98.9,688.3,1560.9,3,64.0,1
45.9,59.7,0.764,24.8,70.4,623.3,651.6,4,26.8,0
8.4,108.6,0.796,16.8,70.7,519.4,1406.4,4,63.4,0
38.5,93.8,0.898,1.7,126.4,383.8,825.5,3,74.3,1
102.4,55.7,0.575,5.3,116.6,524.3,6144.7,3,76.5,1
168.8,93.7,0.792,0.6,123.5,929.8,1616.3,2,93.8,1
355.6,77.2,0.381,3.4,59.2,724.3,3706.2,3,49.8,1
112.8,108.2,0.951,1.3,48.0,1071.6,2212.0,2,17.6,0
55.8,70.3,0.87,1.0,122.5,534.8,2848.4,2,83.4,0
92.6,94.1,0.707,5.2,65.3,730.5,2071.1,2,21.7,0
108.4,89.5,0.714,4.8,55.0,759.4,787.6,3,83.9,1
58.0,55.7,0.678,2.4,54.0,712.1,398.1,1,93.6,1
129.4,103.7,0.249,1.7,45.0,844.6,605.1,0,87.5,0
23.1,62.7,0.904,24.2,82.6,288.7,74.5,5,92.1,0
326.5,91.5,0.849,2.9,60.2,617.3,940.8,0,16.9,1
20.9,97.7,0.887,3.7,145.7,129.5,894.0,3,15.9,0
26.3,89.7,0.741,1.2,118.0,464.5,944.0,1,31.8,0
58.4,60.3,0.646,2.4,125.4,587.8,4431.0,4,78.9,0
93.4,108.6,0.822,4.8,79.5,784.4,2959.1,3,22.2,0
40.1,68.0,0.844,4.6,106.0,1140.9,261.7,1,74.7,0
14.0,89.5,0.397,2.5,92.6,722.8,602.3,4,16.0,0
29.0,98.8,0.951,5.9,47.6,893.6,711.9,1,73.5,0
259.4,106.7,0.581,4.3,31.5,610.0,586.5,1,35.0,1
36.7,88.2,0.526,4.6,117.3,762.8,1972.3,2,50.2,0
49.6,69.2,0.864,5.0,41.4,89.8,940.9,4,93.1,1
72.6,101.0,0.688,1.9,32.7,309.0,1068.6,2,59.1,0
31.6,64.0,0.931,22.3,84.7,437.4,2350.9,2,21.0,1
73.6,56.2,0.803,2.4,124.6,569.6,2017.4,1,84.9,1
137.5,104.9,0.605,20.8,128.8,59.6,220.2,3,40.9,1
28.6,86.6,0.349,6.0,142.9,172.3,1551.8,1,61.8,0
208.2,58.8,0.742,5.1,51.9,335.8,736.0,3,71.9,1
28.4,86.9,0.452,1.4,158.1,1166.0,468.9,6,77.2,1
21.2,63.0,0.82,15.6,128.0,401.0,111.6,0,49.6,1
53.9,56.7,0.529,4.1,46.2,581.0,851.6,2,76.8,0
11.9,61.4,0.715,7.9,138.5,239.3,577.0,2,24.4,0
47.4,97.6,0.752,1.3,92.4,734.9,397.6,1,57.1,1
131.7,96.6,0.479,3.4,34.0,340.4,1473.6,1,16.8,0
27.1,88.2,0.445,5.8,42.8,252.4,1810.9,2,47.5,0
36.4,66.5,0.56,5.7,83.6,622.3,386.9,4,44.2,0
129.5,95.6,0.643,21.6,96.6,11.6,110.9,2,93.3,1
159.6,77.4,0.916,21.0,152.9,14.2,2316.6,1,46.8,1
128.6,83.1,0.554,3.3,54.1,266.8,62.0,2,87.6,1
121.4,104.4,0.85,4.6,89.0,48.9,3369.7,4,49.8,0
136.3,80.2,0.421,0.8,55.5,134.1,1235.4,1,57.7,1
164.7,89.5,0.566,4.0,100.4,409.9,516.1,4,43.1,1
162.2,107.9,0.644,23.7,147.8,964.1,389.6,3,66.2,1
166.7,79.8,0.697,15.8,101.6,688.6,60.9,2,74.1,1
4.3,85.8,0.726,5.0,93.9,617.6,372.2,2,78.3,0
111.4,87.1,0.518,10.2,126.3,355.7,227.8,1,70.5,0
64.1,68.2,0.811,2.5,44.9,1118.4,1186.6,3,41.4,0
259.1,95.5,0.771,5.2,147.3,479.4,268.6,1,41.4,1
161.3,95.0,0.478,5.1,103.0,109.1,952.5,1,42.8,1
320.8,66.7,0.74,14.4,117.7,742.4,1120.3,2,18.0,0
111.0,55.7,0.816,16.8,135.6,141.0,474.7,1,90.4,1
12.5,109.9,0.761,4.5,110.7,417.5,92.8,4,30.7,1
24.0,87.0,0.701,1.5,111.6,611.4,95.6,3,27.7,1
343.2,65.0,0.81,14.6,123.5,1049.7,82.0,1,59.2,1
74.8,70.6,0.19,2.8,32.1,594.8,1662.5,2,18.8,0
26.8,89.0,0.914,5.4,76.6,844.2,509.3,3,82.0,1
193.6,62.6,0.193,4.2,155.0,1191.4,1959.3,2,85.1,1
134.1,57.1,0.883,2.5,59.8,162.1,728.2,3,46.8,1
7.4,98.9,0.309,23.3,98.2,333.3,774.0,2,92.7,0
113.1,94.4,0.601,14.5,48.7,476.5,913.1,0,40.9,0
19.8,72.0,0.832,18.3,68.6,509.1,1548.1,1,35.8,0
106.0,58.2,0.434,7.1,121.8,496.2,433.4,5,94.2,1
222.5,81.7,0.457,3.7,111.8,1089.6,205.6,1,35.0,1
48.1,70.2,0.552,4.6,80.9,858.3,1024.5,5,50.5,0
55.4,76.9,0.455,0.5,151.6,731.4,525.2,2,63.9,0
58.4,70.1,0.252,3.8,129.6,374.7,751.1,3,40.8,0
43.3,64.6,0.365,7.1,61.2,989.4,1299.4,3,45.7,0
31.6,76.3,0.833,1.5,87.8,1146.3,867.8,2,72.7,1
46.3,108.1,0.328,16.4,143.5,986.3,1212.0,4,72.8,0
92.2,69.6,0.741,18.0,28.0,6.9,992.8,1,79.3,1
144.7,73.5,0.451,9.2,103.5,765.5,1665.5,2,62.5,1
56.2,73.1,0.806,16.0,56.3,66.1,1518.8,5,33.7,0
162.2,81.4,0.76,3.2,33.6,312.8,966.8,3,41.6,1
125.2,101.4,0.633,5.6,148.2,76.1,1413.2,3,87.1,0
58.0,77.1,0.263,1.9,135.2,726.5,2531.6,6,73.7,0
38.1,99.3,0.505,4.9,50.0,825.5,729.3,2,22.0,0
179.2,61.3,0.704,2.0,138.0,141.8,688.8,2,75.3,1
125.4,104.2,0.404,16.6,44.8,463.7,1784.0,2,41.5,0
123.6,65.2,0.372,7.8,89.3,550.2,1098.3,2,16.9,1
27.2,57.2,0.434,14.7,123.0,446.0,138.4,1,53.7,0
71.0,63.7,0.631,11.7,97.1,149.6,2722.0,1,85.7,1
42.2,65.5,0.777,8.4,139.9,505.6,87.5,1,50.5,0
67.1,83.0,0.549,2.5,108.3,902.7,1705.9,0,94.1,0
13.5,79.7,0.49,22.3,83.3,89.9,1756.5,2,29.2,0
27.6,94.4,0.713,3.1,149.9,100.8,3722.0,0,43.1,0
20.5,57.8,0.778,1.9,29.9,429.0,116.8,2,16.3,1
108.4,82.4,0.94,4.5,90.9,1130.4,1140.2,5,19.0,1
174.9,73.3,0.824,1.2,114.2,803.9,720.0,1,43.3,1
116.2,89.7,0.836,4.4,137.9,816.0,531.7,3,57.3,1
74.1,57.4,0.463,2.6,98.1,437.5,163.6,1,34.0,1
32.4,56.9,0.407,2.7,144.5,714.4,1042.4,2,28.3,0
215.6,78.5,0.957,5.3,82.5,17.1,832.5,5,48.7,1
21.7,99.6,0.245,5.6,67.8,765.1,182.5,2,28.7,1
211.8,91.9,0.833,1.8,156.5,1096.4,1187.6,0,65.5,1
115.7,55.9,0.629,10.9,115.1,737.0,1657.1,2,91.4,1
38.5,64.8,0.468,3.7,82.5,1049.1,1799.5,3,79.5,0
25.7,67.5,0.673,2.7,143.6,870.1,2879.4,1,32.2,0
309.5,78.3,0.633,2.7,117.2,149.1,682.1,4,91.1,1
232.4,87.3,0.773,5.9,111.1,1083.4,3721.0,3,75.1,1
100.4,66.9,0.951,5.0,123.4,84.4,2456.8,2,27.4,0
152.3,76.0,0.801,5.0,124.7,643.1,472.0,3,61.4,1
12.2,87.1,0.231,3.3,91.6,174.9,258.2,3,92.3,0
320.1,76.1,0.725,19.9,81.6,19.0,735.9,1,22.7,1
253.7,62.9,0.441,1.6,147.8,509.3,666.8,1,36.7,1
287.0,82.0,0.864,8.9,92.1,357.6,1078.8,3,44.9,1
111.9,72.8,0.321,4.7,54.1,585.8,1100.7,2,24.2,1
120.1,102.5,0.333,18.3,95.4,694.8,1713.5,2,38.9,0
165.9,97.7,0.866,1.3,29.6,57.3,905.8,2,70.4,1
243.0,65.5,0.501,24.4,122.6,152.0,182.9,0,53.2,1
80.9,63.4,0.856,19.5,42.1,672.6,2394.8,5,48.7,0
94.0,74.1,0.856,24.2,40.1,415.1,494.9,0,49.6,0
57.3,77.7,0.514,4.3,152.8,876.4,4310.9,1,75.8,0
30.9,106.3,0.81,2.9,129.3,784.5,200.5,2,94.3,0
104.3,71.6,0.595,16.7,80.9,1015.5,3861.3,2,62.1,0
44.5,102.7,0.93,11.9,57.3,832.5,164.5,1,75.1,0
10.4,82.8,0.454,0.7,138.9,518.8,365.3,4,44.8,1
16.1,103.7,0.581,1.2,155.8,809.2,107.2,2,83.9,1
25.1,93.6,0.802,3.1,93.6,334.1,1515.4,4,48.6,0
49.5,94.0,0.903,5.3,103.3,371.0,2328.9,7,89.8,1
64.7,83.5,0.304,20.8,57.8,947.8,733.1,1,74.5,0
85.7,101.2,0.753,21.1,104.5,538.5,3216.0,2,71.6,0
32.9,69.0,0.356,24.9,79.1,959.1,1120.8,2,38.2,0
31.4,104.9,0.703,13.6,139.2,987.8,1243.1,3,78.7,0
114.6,90.0,0.381,16.3,75.9,1029.8,2290.4,1,23.4,0
5.6,79.1,0.413,1.7,112.6,1100.4,472.5,2,58.0,0
93.2,109.0,0.865,11.5,52.5,520.0,574.8,0,73.8,0
18.3,102.4,0.625,21.8,37.2,386.0,2886.7,4,85.7,0
59.9,97.5,0.158,20.0,30.4,700.7,2824.7,4,60.6,0
84.0,70.1,0.346,2.2,81.1,448.6,4550.0,2,35.7,0
34.1,108.6,0.757,3.1,47.1,723.3,2835.4,2,82.9,0
355.6,95.9,0.938,0.9,159.1,848.2,213.5,3,76.4,1
123.4,88.3,0.359,0.9,132.8,827.6,2132.8,0,27.3,0
16.8,105.7,0.338,5.9,118.6,452.6,682.8,0,84.8,0
337.2,63.9,0.613,5.1,133.4,204.4,5676.4,2,91.8,1
108.3,62.6,0.577,1.1,60.5,519.5,817.0,2,58.0,1
242.1,86.0,0.808,16.5,143.7,175.4,1018.5,0,18.1,1
28.5,58.1,0.888,24.8,159.4,1068.7,955.5,1,88.2,0
42.2,91.5,0.885,17.7,64.1,418.3,515.9,3,24.8,0
36.9,68.2,0.712,2.7,157.9,189.6,143.6,3,65.6,1
178.0,61.5,0.845,2.2,68.3,35.4,2762.0,1,47.1,1
59.3,77.5,0.586,19.7,26.6,776.8,1997.5,2,94.4,0
43.5,80.6,0.689,0.7,74.6,766.1,230.3,3,88.4,0
105.9,64.4,0.569,20.2,159.7,412.0,1849.5,1,77.8,1
79.8,57.3,0.925,12.6,110.7,90.7,1229.7,1,30.9,0
143.7,77.8,0.476,22.5,118.9,494.5,681.4,2,70.9,1
237.7,96.8,0.777,5.7,57.2,376.9,401.7,3,60.8,1
170.7,103.1,0.68,3.5,44.7,814.2,2407.0,4,25.8,1
67.9,60.4,0.335,0.6,144.5,728.9,1495.5,0,78.6,0
90.2,83.9,0.552,4.5,80.8,440.7,1002.2,4,21.9,0
236.2,69.5,0.83,0.9,25.6,265.4,1178.6,3,53.5,1
107.2,75.6,0.678,3.9,64.7,1185.7,164.6,1,49.1,1
32.0,106.3,0.572,2.1,51.4,547.5,820.8,2,79.5,0
42.3,74.4,0.795,3.3,106.5,827.5,308.4,2,49.2,0
13.4,75.1,0.352,5.5,127.1,173.0,330.4,5,70.5,1
105.1,66.5,0.953,22.3,92.2,585.3,1349.2,3,53.3,1
161.1,107.8,0.872,5.6,50.1,37.9,2956.4,3,61.6,1
143.6,80.1,0.573,19.5,32.8,609.0,670.5,1,34.3,1
69.4,86.4,0.697,9.6,67.3,1157.0,329.5,4,31.2,0
42.1,79.9,0.776,5.1,133.8,464.1,1305.5,3,71.8,0
302.3,68.9,0.679,2.0,81.6,51.6,2509.3,2,24.8,1
18.4,99.6,0.781,5.0,59.1,42.0,1705.5,1,29.1,0
24.3,56.6,0.842,23.6,27.8,468.6,2486.8,1,90.3,0
45.8,93.0,0.44,2.3,92.0,196.2,972.9,3,35.3,0
343.4,87.7,0.409,10.9,117.5,32.9,1722.6,1,40.9,1
34.3,62.9,0.633,8.8,50.7,908.7,231.1,2,65.7,1
89.0,64.1,0.593,3.1,97.5,552.9,563.8,2,50.2,1
108.1,91.3,0.618,2.9,81.8,350.6,642.3,3,59.7,0
90.1,72.2,0.836,20.6,120.0,1080.6,909.2,2,26.6,1
98.6,69.6,0.486,8.7,141.2,143.8,3225.4,3,68.8,1
16.3,58.3,0.584,8.0,66.5,1147.3,2538.6,1,27.5,0
16.4,97.2,0.363,0.8,147.1,380.2,223.4,2,74.8,0
115.3,103.5,0.721,2.1,120.4,1066.6,277.6,4,56.9,1
91.5,100.1,0.493,12.3,30.0,725.5,581.1,0,80.3,0
47.0,80.6,0.601,5.4,131.8,992.9,462.2,3,28.8,1
33.7,84.4,0.634,5.3,91.8,1180.9,1194.7,3,45.2,0
96.4,68.3,0.544,7.9,152.6,349.6,2846.9,1,82.7,0
170.8,64.5,0.683,2.6,68.7,1153.6,3983.4,0,78.9,1
5.7,100.3,0.724,0.6,104.8,470.4,1322.2,4,92.3,0
24.3,98.9,0.716,19.0,154.1,465.7,2235.4,3,32.8,1
51.5,97.8,0.462,1.0,61.6,411.8,943.8,2,58.1,0
63.9,80.5,0.948,12.3,88.7,652.0,330.3,0,16.4,0
141.5,102.5,0.436,2.2,126.6,189.2,942.5,2,92.2,1
42.1,105.9,0.555,10.0,118.3,666.7,1021.8,2,29.0,0
174.0,73.1,0.842,13.7,138.2,652.3,1677.9,5,87.4,1
168.7,67.4,0.759,2.7,95.2,915.5,348.0,2,69.3,1
15.4,80.5,0.549,16.4,68.1,1001.2,601.2,1,89.9,0
314.3,64.9,0.72,0.5,97.2,531.3,593.1,3,34.9,1
311.1,103.6,0.675,6.0,72.2,366.3,3896.0,0,42.6,1
24.4,73.6,0.569,18.0,48.8,314.9,754.3,1,28.2,0
29.7,86.7,0.353,3.6,99.9,237.6,1738.3,0,48.8,1
299.0,87.7,0.557,4.7,31.5,73.9,1717.5,4,90.8,1
89.8,83.3,0.689,3.2,29.9,414.2,420.4,3,60.7,0
140.7,63.6,0.479,19.6,33.7,327.9,1068.0,5,48.3,1
103.8,109.5,0.585,3.6,115.8,1159.9,2746.6,0,41.0,0
119.2,64.5,0.427,2.2,79.9,671.5,823.7,2,61.8,1
39.3,96.3,0.557,12.4,91.7,420.0,3533.1,6,72.9,0
122.8,98.5,0.609,1.1,71.4,698.7,339.7,1,47.5,1
17.0,63.0,0.656,2.0,59.2,171.3,142.5,2,33.5,1
10.8,106.3,0.492,3.3,73.4,535.6,2714.7,2,61.8,0
40.4,81.8,0.414,3.6,51.1,753.4,2308.1,4,44.2,0
55.1,89.6,0.508,1.6,116.6,589.2,5935.9,1,94.5,0
49.4,90.3,0.815,14.3,38.7,485.1,1415.0,2,50.3,0
119.0,82.8,0.784,4.3,94.8,1192.6,3361.6,1,49.8,1
22.0,62.8,0.84,0.8,89.4,1057.0,2155.0,1,82.2,0
89.3,96.3,0.494,18.3,65.8,750.0,2282.8,1,35.1,0
141.5,87.0,0.793,8.3,38.8,685.4,1060.4,3,20.3,1
34.1,61.5,0.676,1.2,120.0,746.7,628.2,2,83.3,0
255.8,93.5,0.866,3.7,101.9,245.6,3321.9,4,62.1,1
125.2,93.7,0.375,5.4,134.3,477.2,729.0,0,35.8,1
24.8,85.2,0.828,3.5,56.8,52.2,978.8,2,42.4,0
23.4,60.0,0.863,4.1,131.9,573.3,759.0,1,49.1,1
45.9,74.4,0.869,4.1,64.4,653.9,1048.4,3,69.4,1
8.3,57.8,0.617,1.0,40.2,277.2,813.0,4,52.5,0
28.3,81.3,0.532,21.2,43.2,1157.0,109.0,0,46.7,0
44.1,104.9,0.74,3.9,54.8,1091.8,2615.0,3,77.4,0
114.3,55.1,0.724,6.9,117.1,868.0,755.2,1,20.7,1
163.8,69.7,0.631,0.5,57.9,642.4,1116.8,3,67.2,1
181.7,99.0,0.609,5.7,106.5,1044.6,229.9,1,50.9,1
55.4,55.5,0.532,1.6,59.6,161.1,54.1,2,41.8,0
152.0,55.6,0.189,20.4,74.3,949.7,387.7,3,89.2,1
158.8,88.6,0.65,4.2,145.1,154.2,1513.3,2,77.2,1
20.4,98.4,0.941,4.3,92.5,954.1,175.4,1,32.5,1
37.9,97.7,0.493,1.6,106.0,334.5,2924.8,2,67.2,0
21.1,97.9,0.664,7.0,50.6,1053.1,340.5,2,80.8,1
48.2,74.9,0.805,3.5,42.8,1133.1,324.7,3,94.1,0
51.7,103.5,0.846,4.8,80.8,182.8,290.3,3,70.9,1
24.6,55.7,0.771,7.9,140.5,557.9,66.9,3,70.3,1
171.7,72.2,0.739,4.0,57.5,1177.3,1823.1,2,64.1,1
350.2,73.5,0.429,14.8,108.9,582.7,2545.7,2,18.2,1
114.6,64.1,0.687,3.5,142.7,1036.9,1192.8,2,61.8,1
34.9,73.5,0.335,2.3,151.1,708.5,300.2,3,79.4,0
131.4,87.2,0.734,3.3,159.2,453.5,453.0,2,46.6,1
12.8,83.6,0.703,12.6,128.0,346.5,825.3,4,62.0,0
117.5,72.6,0.94,2.6,35.1,247.9,3754.0,0,89.1,1
90.7,96.2,0.896,2.8,142.6,915.3,391.0,1,28.8,1
346.2,94.3,0.507,1.3,144.6,466.9,1628.5,5,37.4,1
78.6,70.4,0.248,4.0,100.2,616.0,744.6,3,23.8,0
34.9,72.8,0.341,0.8,34.1,593.3,474.3,4,55.0,0
30.0,70.8,0.71,1.0,89.3,694.8,780.4,1,82.2,0
59.6,62.1,0.547,4.2,53.4,1039.4,138.6,0,49.8,0
170.0,96.4,0.692,6.7,84.7,1177.0,1973.5,1,20.6,1
107.2,57.5,0.286,11.2,122.8,492.1,384.5,1,36.1,1
94.4,63.3,0.662,1.9,115.1,993.9,1601.0,1,86.2,1
81.2,60.8,0.733,6.7,130.3,918.6,135.0,7,59.6,1
57.8,100.4,0.832,7.3,89.3,690.4,3773.9,3,88.1,0
242.1,57.4,0.42,23.8,94.0,1147.5,307.3,4,81.8,1
28.0,91.6,0.557,7.6,151.3,244.6,2622.1,3,48.1,0
23.2,57.4,0.703,2.4,110.2,135.6,2039.6,3,65.7,1
30.7,98.3,0.896,3.1,125.9,1025.5,4175.2,3,68.2,1
174.2,105.2,0.725,1.4,114.7,529.8,829.9,2,74.7,1
136.3,81.8,0.661,5.6,111.5,1017.1,1609.7,3,41.6,1
280.4,99.2,0.742,1.7,148.3,1072.2,605.8,3,38.1,1
43.4,93.9,0.476,1.3,73.1,79.6,294.6,1,69.8,0
170.3,98.8,0.665,3.3,82.7,1060.7,752.4,2,80.5,1
80.1,97.2,0.429,24.8,76.3,540.7,267.5,1,48.1,0
210.9,66.3,0.966,3.3,128.3,615.0,4873.8,1,40.7,1
131.7,82.5,0.876,22.4,142.2,753.8,171.4,1,81.0,1
57.4,107.8,0.475,1.9,73.3,1112.0,1117.6,5,70.0,0
116.9,73.9,0.365,3.6,44.2,27.8,1231.7,1,42.5,1
59.5,108.4,0.886,5.1,91.7,574.8,976.8,2,57.4,0
63.4,87.1,0.456,3.4,157.9,826.8,1352.3,2,91.9,0
279.8,80.4,0.621,3.7,52.5,868.6,198.2,2,75.0,1
24.9,91.2,0.556,11.9,86.0,832.6,1021.7,1,32.7,0
319.2,99.9,0.529,11.9,61.6,165.6,456.3,3,38.6,1
84.4,76.7,0.827,4.2,149.6,362.8,3429.6,1,36.2,1
248.9,56.8,0.546,2.1,99.4,433.7,1772.9,2,82.9,1
156.7,94.0,0.668,5.5,103.1,966.3,4362.9,1,66.3,1
35.5,107.6,0.511,5.5,26.1,338.1,95.9,1,90.2,0
81.6,89.4,0.935,3.2,113.1,256.8,452.8,5,22.3,1
55.1,65.4,0.516,24.6,66.4,1149.2,310.9,4,19.2,0
178.2,68.7,0.86,3.8,94.3,15.6,63.5,2,69.1,1
76.1,105.0,0.594,2.9,96.7,1197.4,383.0,2,36.3,0
113.3,55.7,0.494,1.5,105.0,813.8,1412.7,3,69.3,1
59.2,85.2,0.884,2.0,136.2,995.0,365.3,8,72.9,1
22.4,63.7,0.762,6.7,65.4,357.1,903.6,1,39.4,0
79.2,70.6,0.785,18.3,59.6,22.1,2675.2,0,91.2,0
122.6,71.9,0.861,5.4,132.4,886.8,1470.1,2,77.0,1
347.0,67.1,0.452,1.1,122.0,1001.8,652.3,2,44.4,1
287.8,98.6,0.608,0.6,55.5,889.9,609.2,3,48.0,1
40.5,73.3,0.566,5.8,25.1,175.7,780.0,0,72.3,0
52.7,74.0,0.514,18.9,114.9,905.3,283.8,5,39.3,0
60.2,79.9,0.281,2.3,46.2,923.9,1256.1,2,38.6,0
262.7,104.6,0.797,15.7,154.2,792.0,593.4,1,65.0,1
247.9,92.8,0.595,17.3,106.6,920.5,2345.6,2,25.8,1
51.6,58.4,0.831,3.3,139.7,1015.9,1745.4,6,94.5,1
53.4,57.2,0.468,4.0,133.8,738.3,1181.5,3,38.0,0
103.5,86.2,0.932,5.3,100.3,110.9,593.4,5,45.6,1
132.5,103.8,0.892,1.4,84.2,587.7,332.8,4,32.9,1
17.0,72.8,0.661,24.5,92.1,97.8,1846.1,2,66.5,0
84.6,68.6,0.855,4.2,133.4,492.0,849.6,2,19.8,1
32.7,96.2,0.321,0.9,111.5,491.5,355.5,4,89.2,1
278.3,88.1,0.164,13.1,52.8,83.9,310.6,2,39.3,1
84.5,86.1,0.849,3.3,107.3,421.8,267.0,1,89.2,1
18.2,63.2,0.744,15.5,79.6,137.6,1851.6,5,35.3,0
109.4,64.7,0.889,1.8,33.3,970.8,362.1,3,56.1,1
48.2,70.5,0.415,1.6,76.5,1137.5,947.5,2,70.6,0
155.8,66.4,0.619,3.7,55.7,91.4,770.8,2,64.0,1
238.5,108.4,0.316,3.2,138.2,1146.4,1089.9,1,56.0,1
109.9,56.0,0.286,19.2,39.2,629.5,2566.2,1,78.1,1
316.1,89.4,0.663,24.7,73.7,363.0,2477.6,1,52.6,1
59.2,83.5,0.425,15.5,118.9,96.9,769.8,1,41.7,0
75.6,72.8,0.689,3.8,146.1,603.2,68.6,1,72.5,0
35.8,103.8,0.562,4.1,70.3,954.4,717.1,1,90.0,0
273.0,91.9,0.786,0.8,106.9,850.0,1168.3,2,63.1,1
17.5,109.9,0.695,1.6,75.4,65.0,1029.1,3,37.4,1
221.4,64.3,0.859,8.7,52.4,92.1,1314.4,1,76.0,1
174.5,59.8,0.526,0.8,69.0,486.4,250.8,1,76.0,1
37.2,62.7,0.319,4.6,110.8,357.9,1298.0,5,36.3,0
125.6,69.8,0.216,23.7,121.7,282.7,292.0,2,45.8,1
315.6,77.9,0.736,22.7,75.0,340.8,1716.1,1,26.3,1
16.0,102.4,0.504,3.5,45.6,965.2,547.0,5,21.4,0
5.9,70.6,0.288,0.9,43.8,1115.4,1535.0,4,79.6,0
37.9,105.3,0.568,13.7,134.7,489.1,108.9,2,44.8,0
208.0,80.5,0.727,3.2,113.2,1087.8,678.8,1,37.5,1
51.0,90.6,0.745,13.7,123.3,389.2,1515.1,0,35.5,0
288.0,69.5,0.265,4.7,90.9,574.3,358.8,5,21.0,1
129.2,63.6,0.513,5.2,86.7,275.1,1953.4,3,93.8,1
151.0,102.8,0.593,4.6,53.5,770.4,1245.6,1,44.4,1
64.9,61.0,0.275,1.6,47.7,1174.9,1112.8,4,28.1,0
33.4,97.6,0.745,4.7,45.8,726.2,573.5,1,84.1,0
40.7,87.0,0.777,4.7,158.9,432.6,840.4,4,72.8,1
25.9,102.4,0.862,3.6,135.8,779.1,1141.6,1,68.0,0
88.7,94.5,0.637,5.9,109.5,151.9,817.4,1,38.8,0
145.2,70.5,0.817,23.6,53.9,1066.9,1488.0,2,48.2,1
101.9,86.6,0.641,2.2,70.6,606.2,732.4,7,82.3,1
285.9,55.7,0.735,2.7,72.4,542.0,321.2,3,66.2,1
64.6,81.1,0.414,2.9,89.5,705.1,338.9,4,42.7,1
53.8,59.7,0.234,2.0,82.0,751.6,57.0,1,23.7,0
75.3,78.6,0.481,3.0,151.1,90.8,479.7,0,87.0,0
34.0,61.0,0.54,5.7,122.3,820.7,1708.4,3,91.4,0
35.4,107.6,0.179,5.7,36.0,294.1,1946.8,6,72.5,0
82.7,83.8,0.673,1.9,73.6,858.2,321.5,1,70.3,0
281.8,105.2,0.342,4.2,42.9,987.9,3884.3,2,58.0,1
160.1,56.2,0.588,2.1,62.7,965.7,887.6,1,92.7,1
43.6,90.1,0.768,5.1,154.5,665.2,3036.4,3,70.5,0
145.4,71.9,0.508,19.0,120.2,626.6,1522.1,2,21.1,1
23.7,78.8,0.598,4.0,26.1,175.7,1588.0,1,22.3,0
146.2,103.0,0.748,19.2,69.4,931.5,156.7,4,92.1,0
307.8,108.9,0.97,5.4,84.2,329.3,348.1,2,90.5,1
50.3,68.6,0.909,2.2,106.3,598.6,60.6,1,59.6,0
169.5,107.2,0.651,24.3,92.5,344.7,1561.1,4,32.1,1
297.6,92.9,0.382,13.8,34.4,164.9,556.7,1,61.7,1
124.6,107.3,0.748,7.8,94.6,757.3,1903.8,0,76.1,0
52.3,85.9,0.397,16.2,42.6,69.9,546.7,7,15.7,0
54.5,107.8,0.589,4.9,95.1,899.6,2103.3,1,80.8,0
54.8,104.1,0.467,2.7,58.2,384.5,218.1,2,52.2,0
256.9,62.1,0.618,2.2,44.5,5.2,278.5,1,52.1,1
87.1,72.1,0.726,0.8,63.9,615.8,550.2,1,49.7,1
128.5,68.4,0.18,12.4,38.4,61.0,680.1,1,70.3,1
47.5,86.5,0.48,6.9,63.3,335.0,564.5,3,31.8,0
42.7,99.2,0.729,9.4,142.0,849.8,1780.9,4,63.5,0
23.5,96.8,0.845,14.2,66.5,79.9,172.4,1,18.5,0
47.0,95.0,0.642,18.2,88.5,1008.0,569.2,3,79.9,0
13.8,75.6,0.549,2.7,95.2,9.6,2228.6,2,80.2,0
50.7,62.7,0.753,1.2,49.1,300.0,133.0,1,40.0,1
28.0,66.6,0.501,2.7,84.6,890.4,3473.9,3,23.4,0
343.5,95.8,0.622,1.7,140.2,382.9,5199.9,3,74.8,1
71.6,63.1,0.644,0.6,35.9,126.8,161.3,4,52.6,1
45.4,67.3,0.717,20.3,149.6,435.5,463.1,1,89.0,0
261.7,78.4,0.389,9.5,142.6,328.1,609.0,2,43.3,1
35.1,59.0,0.626,4.4,140.5,1012.0,1847.4,0,82.3,0
161.8,66.7,0.787,2.2,51.8,379.5,1137.4,1,17.0,1
43.9,63.2,0.504,1.8,90.4,947.8,1290.6,3,76.8,0
348.8,107.3,0.539,11.6,108.2,1070.8,1750.2,3,69.3,1
74.1,65.5,0.535,24.3,38.5,523.4,200.6,0,57.1,1
240.8,102.4,0.684,1.4,100.2,1092.4,2199.2,2,87.8,1
103.9,61.3,0.619,0.8,138.4,455.9,1517.5,3,90.4,0
70.5,102.8,0.927,4.4,151.4,1157.1,1083.4,4,89.4,0
277.6,88.0,0.358,1.0,62.6,111.7,2695.8,2,62.8,1
343.5,101.7,0.766,13.7,64.0,826.0,1496.0,3,56.6,1
105.5,102.7,0.929,20.2,61.5,595.1,320.3,4,36.5,1
340.9,87.8,0.308,13.3,45.7,468.2,724.0,4,28.0,1
216.3,105.5,0.698,0.8,83.1,761.1,867.6,1,59.6,1
41.6,87.2,0.457,3.5,130.9,846.1,118.2,3,26.9,0
91.7,94.2,0.733,3.6,121.1,10.2,3761.7,0,28.8,0
330.8,77.9,0.783,1.9,146.5,204.5,215.2,2,43.5,1
95.8,105.3,0.741,3.9,73.0,857.1,1484.7,4,29.9,1
284.4,100.3,0.555,2.1,102.2,801.3,896.8,1,55.1,1
130.6,64.2,0.491,2.9,128.5,1159.4,81.2,2,68.1,1
48.6,86.7,0.414,2.1,146.3,914.4,3154.3,2,70.8,0
131.7,104.3,0.757,14.5,142.7,1141.2,2341.3,5,57.6,0
190.1,98.6,0.361,0.6,87.8,844.5,941.5,2,56.7,1
14.7,107.9,0.506,5.5,147.4,361.2,362.0,0,53.0,0
111.1,67.7,0.555,15.8,84.9,130.9,205.6,3,34.6,1
359.7,75.2,0.668,1.1,146.9,939.3,591.9,2,67.3,0
42.0,82.9,0.565,1.5,129.9,774.8,403.9,3,67.6,1
261.4,67.8,0.495,1.5,54.9,62.6,897.9,3,35.5,1
174.1,76.7,0.487,5.4,150.5,435.3,4122.2,3,71.0,1
33.2,84.6,0.463,1.1,57.7,1148.4,1076.7,2,83.6,0
108.6,65.5,0.572,3.7,147.6,603.0,2698.0,4,62.6,1
34.3,69.1,0.674,4.0,108.0,522.1,1312.8,3,24.4,0
37.9,61.9,0.956,0.9,115.1,552.0,823.8,4,41.2,1
110.8,94.2,0.513,5.0,39.8,254.6,2364.0,0,22.4,0
87.7,74.9,0.872,1.5,33.9,445.6,815.0,2,39.2,1
35.9,67.1,0.4,5.4,155.7,446.9,2485.7,3,32.0,0
296.2,82.9,0.643,10.0,70.5,67.6,463.7,1,59.4,1
10.9,58.8,0.336,1.1,139.0,922.2,215.5,4,48.9,0
292.1,105.8,0.672,1.6,120.1,502.7,2369.8,1,72.8,1
11.1,71.2,0.778,3.8,106.6,987.5,1112.4,1,44.0,0
125.6,103.8,0.566,0.8,117.5,1021.2,2688.9,2,27.4,1
44.0,82.4,0.791,11.7,37.1,258.3,3383.4,3,33.9,0
287.9,101.8,0.855,3.7,80.7,790.5,116.1,3,58.7,1
103.0,68.6,0.604,5.3,107.0,569.4,884.1,4,51.0,1
51.2,64.6,0.571,3.9,142.1,1056.8,613.9,2,18.4,0
65.1,101.7,0.424,4.2,121.5,262.8,1229.7,2,31.8,0
32.9,66.7,0.416,5.9,59.1,815.0,1943.5,1,38.7,0
232.1,96.0,0.854,21.9,158.0,731.3,445.2,3,73.0,1
205.4,74.0,0.797,8.0,111.8,357.9,1026.5,1,73.4,1
16.9,96.2,0.739,6.0,92.7,168.2,1530.2,4,70.8,0
277.7,104.9,0.679,19.6,130.5,783.7,223.2,3,80.5,1
20.8,109.0,0.53,11.9,106.4,887.6,2068.8,1,84.9,0
129.4,74.8,0.834,7.0,120.8,382.2,1168.0,2,20.7,1
101.7,75.2,0.698,10.4,108.3,775.6,3633.8,0,54.4,0
28.0,109.0,0.7,1.7,49.1,477.2,547.8,2,26.9,1
243.1,102.4,0.921,4.2,98.4,857.3,187.3,2,43.3,1
60.7,57.5,0.705,10.0,63.2,243.1,897.5,1,68.1,0
57.9,86.5,0.831,1.5,102.0,1068.8,157.7,4,63.1,1
132.1,65.0,0.551,18.2,41.9,348.5,4239.1,2,25.3,1
296.2,109.7,0.847,2.6,56.3,444.5,97.3,4,75.6,0
94.8,62.6,0.782,2.2,134.2,74.4,1730.5,2,78.0,1
174.0,85.8,0.899,5.0,79.7,138.3,943.6,1,26.1,1
126.2,91.6,0.786,4.0,116.0,621.5,601.8,3,64.3,1
15.5,106.5,0.774,4.9,92.2,324.8,131.7,1,90.6,0
42.9,101.6,0.743,6.9,71.0,1003.4,1218.0,0,22.5,0
23.8,68.5,0.483,2.8,91.8,22.6,1106.0,5,28.2,0
43.9,86.5,0.36,3.0,134.8,458.0,445.7,3,76.2,0
74.5,107.4,0.448,2.2,63.0,408.1,2942.5,2,42.0,0
76.9,95.5,0.669,9.7,81.9,28.1,485.1,3,91.4,0
95.9,92.9,0.359,6.0,52.3,153.6,766.8,4,64.9,0
46.2,96.5,0.753,15.4,72.4,499.3,991.7,2,53.7,0
95.2,72.7,0.58,13.0,144.5,594.0,176.7,1,42.0,1
103.7,95.1,0.825,0.8,131.1,488.1,3278.8,2,34.1,1
41.0,67.8,0.955,15.0,75.4,639.5,613.1,2,67.0,0
108.9,78.5,0.697,3.9,42.9,716.2,151.1,3,62.4,1
106.3,103.9,0.754,3.8,81.7,16.9,637.8,2,43.6,1
16.5,56.0,0.844,21.5,129.2,559.6,1150.2,3,88.4,0
37.7,77.8,0.429,4.6,30.9,1156.4,915.0,2,75.9,0
20.7,69.7,0.256,14.7,125.6,625.2,1473.1,3,35.8,0
49.0,65.9,0.786,2.6,116.8,814.7,118.5,3,90.5,1
248.7,101.1,0.217,9.5,33.7,377.7,451.8,0,75.4,1
18.6,93.3,0.414,15.5,110.8,929.9,2102.6,6,86.8,0
24.3,61.2,0.783,4.6,65.3,928.6,149.9,2,25.9,0
30.4,82.2,0.803,4.2,48.9,627.9,2371.3,4,17.6,0
119.2,80.7,0.504,0.9,77.0,1171.3,165.7,3,54.4,1
25.2,62.8,0.918,5.6,52.7,155.0,2208.2,3,50.9,0
244.7,99.0,0.361,24.4,136.3,25.3,587.0,3,84.6,1
13.6,75.2,0.832,21.1,125.2,925.3,1186.7,1,28.8,0
21.7,96.9,0.865,0.9,157.4,969.6,249.1,3,16.9,1
28.0,65.6,0.4,5.1,97.1,148.6,132.2,3,57.3,0
353.5,72.3,0.503,12.5,37.0,322.4,341.9,2,29.2,1
95.8,60.2,0.841,17.2,74.6,26.0,214.2,3,19.0,1
14.7,62.9,0.826,21.6,138.2,355.5,499.5,2,16.8,1
170.2,103.6,0.666,7.3,78.6,928.9,916.8,1,26.4,1
35.7,61.0,0.878,9.2,86.5,624.0,1116.3,2,45.1,0
54.0,60.3,0.791,9.1,80.6,421.0,1922.0,2,85.7,0
157.1,106.7,0.324,5.1,56.8,449.2,1331.4,3,75.8,1
74.4,90.5,0.159,14.7,34.9,6.6,1176.1,5,57.4,0
50.3,60.6,0.928,8.1,49.4,363.3,686.8,1,49.4,0
37.3,108.4,0.878,24.7,74.1,777.5,820.5,0,51.5,0
69.4,63.1,0.235,1.1,58.1,1169.2,692.4,1,85.8,0
124.4,97.1,0.15,9.9,102.3,1017.2,2265.5,1,73.0,0
47.4,56.9,0.406,14.9,107.9,33.2,363.6,0,28.8,0
294.2,89.3,0.568,3.8,102.0,1078.8,56.9,2,90.2,1
52.5,85.1,0.768,1.7,36.5,940.9,1314.3,1,76.8,0
23.5,66.4,0.897,2.8,115.0,937.5,321.5,5,17.7,1
44.2,90.4,0.466,22.5,76.9,552.3,2700.0,1,55.2,0
46.0,88.9,0.754,5.2,143.6,480.6,2401.2,0,67.2,0
18.4,98.9,0.686,10.6,96.0,367.0,145.8,2,19.9,0
321.7,103.2,0.671,1.4,36.4,83.5,185.0,3,43.2,1
171.7,83.1,0.587,5.8,26.2,277.7,870.2,3,66.9,1
52.9,82.0,0.614,3.8,119.8,299.7,1177.5,2,80.3,0
47.3,89.2,0.786,2.7,79.1,583.5,435.7,2,93.2,0
97.9,95.1,0.928,3.9,63.9,898.2,1563.9,0,24.7,0
29.7,74.6,0.57,11.3,85.4,571.2,1134.4,2,65.6,0
158.9,82.8,0.675,3.5,34.8,74.1,521.3,4,86.4,1
166.9,87.2,0.803,2.4,77.9,1149.6,80.8,2,72.4,1
51.9,109.4,0.515,2.6,67.5,1131.6,1714.3,2,65.6,0
17.0,87.3,0.731,2.0,133.0,943.3,340.1,3,32.2,1
32.6,67.3,0.509,2.3,48.6,1189.6,2208.4,1,80.2,0
88.1,87.3,0.633,5.3,127.1,655.7,704.3,0,60.0,0
34.1,100.1,0.819,1.8,92.6,1155.5,1082.7,2,23.9,1
23.0,102.2,0.684,8.9,36.1,95.3,2525.8,5,89.8,0
223.6,99.0,0.844,1.1,155.9,442.0,2440.8,3,94.1,1
208.5,103.9,0.651,2.9,124.1,274.3,607.3,0,58.0,1
143.0,73.4,0.54,14.7,60.1,239.0,331.2,1,77.1,1
186.5,82.9,0.909,1.8,103.5,173.3,1840.8,2,61.7,1
111.3,97.9,0.624,2.6,146.5,748.8,731.0,0,48.8,1
144.9,69.5,0.708,4.2,150.7,938.7,305.9,2,47.7,1
46.9,75.4,0.818,13.8,123.7,696.1,2867.4,2,92.1,0
254.1,100.7,0.492,1.4,123.2,180.6,314.9,3,44.5,1
40.2,97.4,0.763,2.2,62.4,974.3,81.4,1,54.2,1
24.9,108.4,0.561,11.8,158.6,765.0,74.6,2,34.9,1
330.5,109.8,0.802,20.3,57.9,468.9,1218.4,1,35.3,1
100.1,68.2,0.581,0.5,37.1,810.6,1350.5,4,43.5,1
22.0,104.5,0.709,1.6,156.9,315.6,497.1,3,89.0,1
239.1,60.2,0.273,5.2,45.6,417.5,512.8,3,46.7,1
92.4,94.0,0.442,3.8,95.4,1101.4,547.7,3,59.2,0
288.3,67.1,0.816,1.1,88.2,352.2,1417.9,4,58.7,1
94.4,71.5,0.521,5.7,139.5,566.6,121.9,3,61.7,1
125.8,107.0,0.644,1.1,78.5,1068.7,3226.1,2,80.6,0
97.0,69.5,0.559,1.3,92.8,850.7,352.0,3,87.1,1
12.2,92.0,0.796,19.9,30.9,79.3,8000.0,4,31.7,0
109.4,64.8,0.575,11.4,53.1,181.0,275.8,2,83.8,1
21.3,60.1,0.654,21.7,137.5,14.4,1821.7,1,58.8,0
23.1,73.7,0.888,3.3,89.6,759.0,353.4,4,89.0,1
39.2,89.3,0.665,19.6,56.2,540.0,151.2,1,88.3,0
119.3,68.6,0.482,8.4,74.8,165.5,2544.7,1,46.2,1
28.6,71.5,0.783,0.9,63.5,1149.7,2398.7,2,67.2,0
178.5,94.0,0.711,3.5,100.1,637.9,670.2,1,84.7,1
59.7,60.7,0.649,1.9,31.9,294.1,1504.4,4,45.8,1
32.1,79.6,0.137,3.3,55.4,603.2,1027.2,2,18.5,0
52.9,106.8,0.822,1.0,72.9,817.1,2350.4,0,43.8,0
16.8,76.8,0.728,1.7,150.3,96.1,504.1,3,44.2,1
76.5,78.9,0.758,1.7,109.1,333.3,940.0,3,79.5,1
47.3,95.6,0.633,1.8,93.1,969.3,847.2,3,39.8,0
213.7,97.8,0.861,16.9,50.8,554.3,574.2,2,86.5,1
29.5,97.3,0.673,4.1,100.3,658.2,2714.7,5,58.9,0
35.0,109.9,0.941,19.4,150.4,522.2,267.7,1,61.9,0
251.6,58.9,0.219,0.8,101.5,57.5,244.3,4,79.6,1
168.9,109.0,0.824,3.1,47.2,203.1,1082.2,1,25.8,1
60.9,107.3,0.98,3.8,159.6,537.4,1335.8,2,16.4,0
41.8,101.9,0.856,5.3,92.3,255.0,309.7,3,19.5,0
40.2,80.0,0.43,5.0,68.1,64.7,644.6,0,17.5,0
28.1,102.9,0.36,7.0,93.0,1013.2,3565.1,5,71.0,0
302.8,67.1,0.961,3.8,60.6,1177.5,389.8,2,34.6,1
111.0,98.5,0.475,2.9,29.1,952.8,1374.4,0,83.6,1
73.4,65.2,0.875,3.7,145.1,1025.3,1667.2,2,85.6,0
94.1,99.8,0.273,3.0,82.9,294.2,763.3,1,43.5,0
246.4,88.8,0.772,0.6,126.6,1152.9,3377.6,0,30.6,1
302.9,60.4,0.274,4.1,156.1,240.3,1651.2,3,54.9,1
44.0,104.2,0.636,2.1,110.4,1142.0,784.8,1,80.3,0
68.6,86.8,0.777,5.8,118.4,1193.8,1060.9,3,69.8,0
86.7,91.1,0.72,3.8,152.3,855.5,1465.6,4,17.1,0
103.6,70.6,0.572,2.0,94.7,1177.5,1126.3,4,15.6,1
18.9,102.9,0.746,2.8,68.2,685.6,2581.4,5,24.1,0
2.0,85.0,0.356,2.2,149.4,315.2,579.7,1,41.9,0
49.0,78.2,0.56,3.8,34.3,527.2,477.8,2,58.0,0
178.9,84.4,0.335,15.6,54.0,714.3,338.7,3,80.4,1
91.6,93.7,0.102,5.5,71.1,92.3,96.2,2,26.4,0
31.5,93.2,0.494,5.1,130.6,748.7,102.8,2,27.2,1
289.5,74.7,0.594,2.4,147.0,1177.5,2498.8,1,84.1,1
9.4,76.2,0.884,24.7,86.0,232.2,1411.3,2,88.9,0
27.9,85.9,0.343,5.0,63.6,952.2,1346.5,2,59.1,0
22.8,105.8,0.7,10.3,72.7,1089.9,1194.3,0,77.8,1
141.5,96.0,0.731,3.5,113.6,1132.7,2320.3,3,42.4,1
100.9,76.5,0.226,2.4,46.3,1152.4,835.3,2,90.7,1
26.2,73.5,0.865,0.8,98.9,628.1,2502.1,5,87.4,1
140.5,83.8,0.682,1.4,104.4,1172.9,584.5,2,83.0,1
28.6,102.8,0.455,5.5,120.6,910.0,3186.0,3,16.0,0
15.5,55.5,0.306,3.1,106.5,198.2,1489.4,2,56.9,0
90.0,94.1,0.385,4.3,38.1,574.9,406.8,1,17.1,0
105.0,71.2,0.659,0.9,118.0,863.4,1046.4,2,69.2,1
75.1,66.5,0.837,18.9,27.9,300.6,963.8,1,29.7,0
18.2,55.7,0.722,3.6,77.7,770.5,228.1,4,66.2,0
28.0,104.3,0.475,9.5,81.3,801.6,1123.6,3,22.8,0
183.2,105.2,0.511,1.9,40.7,199.4,503.6,4,75.5,1
11.3,58.4,0.234,3.7,26.3,680.3,114.5,2,73.1,0
63.4,83.7,0.568,5.7,34.6,927.1,3613.1,2,15.4,1
30.6,63.4,0.479,1.4,85.3,601.2,1281.0,7,78.4,0
27.8,96.7,0.699,1.7,57.4,19.5,2563.9,4,28.1,0
33.7,91.6,0.623,14.0,34.3,15.8,1402.6,2,23.7,0
275.8,71.3,0.638,8.5,59.6,431.7,579.9,0,55.0,1
94.9,61.4,0.564,2.3,96.4,1111.8,912.6,3,62.2,1
290.2,100.7,0.358,1.4,125.2,278.3,1401.5,2,23.2,1
46.7,92.1,0.624,4.8,80.6,763.1,3920.2,1,39.4,0
232.8,55.4,0.52,6.0,107.8,270.4,401.1,5,47.6,1
305.5,89.5,0.421,11.5,105.6,389.4,2545.1,1,90.5,1
358.5,99.6,0.75,2.5,146.0,1018.4,3143.7,0,35.1,1
29.6,87.5,0.486,5.3,49.2,876.0,1381.9,1,35.8,0
139.5,78.4,0.557,23.1,89.3,119.0,3263.0,6,67.8,1
151.8,87.1,0.576,3.4,110.3,517.3,658.8,3,73.2,1
160.1,89.1,0.683,10.7,95.2,39.9,3719.5,1,15.9,1
23.4,90.2,0.918,18.6,85.8,579.7,1506.0,4,25.7,0
46.4,108.2,0.71,2.5,156.4,796.6,101.5,0,43.6,0
28.3,64.8,0.814,14.5,152.2,146.6,2898.5,1,65.6,0
19.2,89.3,0.72,0.6,107.5,350.2,845.1,3,25.7,1
38.4,65.3,0.521,6.3,84.3,480.4,790.2,3,43.6,0
75.4,66.5,0.382,2.1,127.0,1103.8,1052.9,1,21.4,1
103.9,91.8,0.748,3.1,94.2,1191.9,244.2,1,60.7,1
63.7,105.4,0.734,2.7,159.4,58.7,810.0,0,49.1,0
32.6,63.7,0.895,2.3,117.6,914.4,2184.3,2,78.0,0
9.1,107.9,0.532,4.8,34.2,449.2,68.7,1,60.9,0
147.7,72.6,0.917,15.0,79.3,474.0,432.5,1,67.7,1
12.2,76.5,0.578,19.5,123.6,906.3,52.9,0,68.7,0
203.6,63.5,0.786,4.6,138.7,1102.5,694.8,3,62.2,1
40.2,88.9,0.678,5.0,134.8,1141.4,1613.7,2,16.3,0
18.7,87.8,0.871,3.6,156.9,694.7,1974.0,1,81.6,0
102.3,79.3,0.699,4.7,91.0,431.8,3534.7,1,88.3,0
89.7,81.2,0.452,23.9,43.9,946.1,1175.3,5,57.7,0
158.4,89.3,0.71,15.2,113.1,304.9,402.6,1,24.0,1
62.4,87.1,0.788,8.6,34.6,679.1,3144.8,0,67.4,0
89.7,75.6,0.487,5.5,156.4,433.5,1841.7,2,44.1,0
58.5,103.6,0.286,3.6,127.4,789.7,1075.2,3,20.9,0
71.0,91.7,0.718,1.7,157.6,292.3,1477.5,2,83.3,0
309.5,66.3,0.705,7.1,75.9,234.0,3147.4,5,71.9,1
195.7,72.6,0.539,12.5,27.1,1102.3,1545.4,2,79.4,1
17.6,98.3,0.746,11.4,95.4,126.7,601.4,0,78.7,0
38.0,60.7,0.783,5.9,41.4,609.6,1548.0,2,43.6,0
52.4,96.3,0.688,20.8,116.7,268.9,99.3,1,53.6,0
34.6,74.7,0.858,1.0,92.2,51.5,636.1,2,33.7,1
26.6,85.3,0.681,15.4,126.7,48.0,675.7,4,75.4,0
140.9,70.4,0.676,3.8,64.3,214.4,269.0,2,56.9,1
189.1,109.3,0.457,17.6,136.9,1040.8,78.0,2,67.0,1
48.4,104.8,0.946,5.6,112.9,342.6,221.8,2,43.5,1
112.2,106.1,0.66,1.7,158.3,1140.8,1325.7,1,69.3,0
183.0,65.2,0.33,8.5,49.1,700.0,1995.1,4,68.7,1
24.9,101.3,0.849,20.8,31.9,526.8,5377.9,1,76.6,0
23.0,84.4,0.889,14.7,139.9,698.2,560.2,3,27.4,0
96.6,93.9,0.605,3.9,70.7,622.5,1147.7,5,64.9,0
7.4,67.0,0.857,4.9,83.2,911.7,3370.3,3,85.4,0
37.0,94.2,0.767,1.4,150.0,342.6,269.3,3,22.5,1
174.5,105.3,0.757,4.6,84.5,426.9,1567.5,3,91.9,1
13.3,69.7,0.651,5.5,65.2,1073.4,1737.7,3,31.6,0
281.2,67.8,0.643,20.6,33.0,1136.0,161.8,2,89.9,1
30.3,60.7,0.871,12.5,84.8,1071.6,2420.1,0,84.4,0
36.0,69.7,0.696,2.7,113.4,506.2,2062.7,2,76.6,0
93.7,84.5,0.878,5.1,61.3,937.5,90.8,4,31.8,1
10.7,100.8,0.532,1.8,121.9,574.2,164.6,3,32.3,1
140.9,70.3,0.98,4.5,89.6,599.6,110.4,4,35.7,1
286.6,89.2,0.755,0.7,140.8,249.6,539.1,1,79.8,1
13.0,81.4,0.742,10.5,46.8,711.4,904.3,2,30.0,0
8.8,70.9,0.663,3.1,127.2,227.4,962.0,5,61.5,1
225.5,83.1,0.342,8.7,150.9,401.2,423.8,2,77.2,1
14.3,64.2,0.332,5.7,125.1,1026.8,2961.0,2,51.9,0
349.6,90.2,0.78,1.9,79.8,252.5,601.1,0,82.3,1
268.4,61.4,0.836,10.3,56.1,90.0,105.9,1,60.0,1
68.9,95.2,0.921,23.5,38.3,87.5,478.4,3,62.6,0
209.8,64.8,0.658,9.1,111.7,1129.2,958.9,1,69.1,1
111.4,109.9,0.821,1.1,44.3,610.8,679.5,2,82.7,1
20.8,100.3,0.628,17.4,138.2,494.2,434.0,1,15.4,0
92.0,73.9,0.446,4.9,154.7,974.0,218.9,4,46.4,1
25.0,78.4,0.66,21.3,43.3,1003.8,2102.2,4,92.0,0
143.7,69.3,0.513,5.4,75.8,402.0,6720.1,2,22.9,1
28.4,97.2,0.551,2.1,151.5,833.9,529.8,6,33.7,1
27.3,75.9,0.722,4.2,88.5,926.5,626.8,2,60.7,0
256.4,96.5,0.936,1.5,97.3,787.3,1204.9,4,83.6,1
149.1,56.0,0.849,1.4,125.9,186.2,1570.9,1,22.8,1
308.8,62.5,0.904,3.2,53.4,1051.7,647.2,2,15.3,1
84.4,75.1,0.581,5.9,157.2,649.2,2873.8,5,70.0,1
30.1,61.0,0.706,4.5,130.4,342.6,1035.2,2,62.8,1
162.4,88.1,0.887,2.7,46.8,513.1,768.3,2,36.7,1
40.2,57.8,0.279,3.8,40.0,49.9,1298.4,3,91.6,0
50.2,102.3,0.698,1.4,151.2,157.8,3714.1,2,59.7,0
46.6,96.9,0.555,4.5,117.5,919.8,1949.1,0,68.1,0
106.8,66.9,0.727,0.7,30.2,5.0,99.0,0,45.3,1
85.9,81.6,0.388,7.4,44.2,502.8,534.7,0,88.7,0
106.0,79.8,0.55,4.0,31.5,629.4,813.1,4,37.1,1
77.5,94.9,0.578,24.5,156.5,70.3,503.2,2,74.9,0
297.4,77.1,0.871,2.6,92.2,1167.8,1495.5,1,24.3,1
68.9,56.8,0.76,3.2,87.4,275.2,2150.3,1,58.0,0
83.2,70.1,0.822,4.6,154.0,368.5,1627.2,0,61.2,0
59.7,80.6,0.932,21.6,93.1,368.2,5498.8,3,30.1,0
32.7,108.6,0.724,3.0,94.9,280.3,431.8,1,40.9,0
15.1,103.5,0.91,20.0,157.9,6.8,2545.2,2,29.3,0
136.0,65.0,0.387,19.4,40.0,876.6,1796.1,1,82.6,1
36.9,94.8,0.647,7.0,158.1,1160.4,589.6,2,67.6,0
57.6,106.5,0.924,4.3,47.4,273.0,1639.7,2,50.7,0
95.3,55.5,0.922,0.6,88.8,797.3,181.9,4,59.5,1
9.3,94.7,0.35,5.4,70.6,891.6,1919.0,1,42.5,0
23.0,80.3,0.549,12.1,154.0,1018.9,962.0,0,49.3,0
22.2,92.4,0.927,5.0,90.5,510.0,464.9,4,64.5,1
90.3,88.3,0.732,11.2,28.1,367.0,1329.8,3,31.9,0
29.3,109.2,0.531,19.4,54.9,393.7,1281.4,2,25.7,0
9.5,70.9,0.665,17.2,83.2,856.6,332.1,1,90.6,0
55.0,98.2,0.736,1.2,116.3,981.1,87.0,1,33.9,1
97.4,67.9,0.715,1.4,100.9,222.0,732.2,5,54.6,0
103.5,79.0,0.558,13.2,139.7,448.3,1061.4,3,75.9,1
149.0,108.6,0.898,17.3,136.8,1082.8,2560.8,4,59.5,1
162.8,97.1,0.334,1.7,104.7,969.0,3210.9,1,65.8,1
118.3,72.4,0.756,9.8,102.1,1181.9,953.0,3,28.1,1
21.9,89.1,0.532,13.8,62.6,906.3,1732.0,1,46.6,0
212.0,57.7,0.559,12.0,154.3,474.9,744.3,1,70.2,1
165.3,69.7,0.676,0.9,35.4,710.8,1694.9,6,31.8,1
55.6,94.5,0.723,3.7,78.6,794.9,325.0,5,53.7,0
16.8,86.4,0.777,4.7,114.2,98.8,606.5,1,62.1,0
60.6,80.8,0.58,3.5,152.7,655.7,1256.9,8,78.1,1
30.6,93.0,0.824,16.2,92.7,852.6,72.0,3,32.3,1
44.1,76.9,0.833,13.2,145.9,204.9,1588.2,1,93.2,0
20.3,56.4,0.679,1.8,39.1,937.9,2216.1,5,92.4,1
65.2,79.3,0.875,17.0,96.8,702.6,661.3,2,16.0,0
51.3,104.6,0.874,5.0,67.7,1142.9,762.9,2,44.4,0
30.5,102.1,0.569,4.7,132.4,55.7,2336.8,3,20.4,0
126.7,77.5,0.295,5.7,85.1,322.1,1843.5,2,40.4,1
74.4,56.2,0.587,4.2,89.2,723.9,457.9,2,63.6,1
45.0,90.0,0.707,5.7,33.7,359.4,519.8,1,63.7,0
98.5,95.8,0.435,1.2,84.1,858.7,1413.1,3,22.7,0
146.0,71.2,0.919,2.5,35.9,912.0,1043.9,3,69.2,1
76.6,81.2,0.622,1.0,65.4,127.5,262.4,2,82.7,0
31.9,109.6,0.436,3.5,42.1,619.1,495.2,2,65.5,0
45.5,86.7,0.856,4.7,70.2,613.1,2812.9,1,39.8,0
51.2,74.3,0.722,4.3,55.7,446.3,1448.4,4,15.2,0
85.3,89.5,0.883,14.5,63.5,1119.8,5170.2,1,66.9,1
165.1,64.9,0.247,5.9,45.0,993.9,1798.1,0,69.2,1
15.0,66.0,0.511,5.6,84.3,838.2,3466.2,2,71.7,0
173.0,105.9,0.829,0.8,92.2,858.6,342.3,2,18.1,1
99.0,68.2,0.889,21.9,137.9,556.8,1821.4,3,56.3,1
57.6,72.1,0.334,24.6,97.7,1105.6,74.5,2,48.1,0
34.6,84.9,0.651,3.2,55.9,835.0,1383.2,1,76.4,0
130.8,104.5,0.598,11.1,124.3,876.1,810.2,1,72.8,0
2.2,98.0,0.548,8.2,65.1,1034.7,561.0,0,91.1,0
29.3,57.4,0.629,9.8,127.1,332.5,2430.1,2,86.8,0
92.2,93.1,0.34,1.4,77.3,969.4,2361.2,3,59.6,0
99.8,82.7,0.377,3.8,94.3,238.3,77.1,1,93.4,1
147.5,81.2,0.853,6.1,93.0,417.7,1178.4,4,27.0,1
18.2,93.0,0.939,1.8,154.0,406.1,600.3,3,15.6,1
53.9,65.8,0.543,1.0,45.7,1174.3,694.7,3,23.6,0
126.3,109.0,0.455,23.0,151.7,1028.6,2190.8,4,43.4,0
233.6,90.5,0.671,5.4,100.9,842.9,495.0,2,75.4,1
24.9,75.1,0.507,5.7,159.1,873.8,3488.7,2,45.6,0
57.5,88.0,0.585,4.9,102.4,676.7,287.6,7,77.4,1
29.6,66.9,0.81,22.6,113.6,1136.8,1354.2,2,74.4,0
38.2,89.9,0.5,4.6,126.2,598.0,1388.1,1,78.5,0
76.5,56.6,0.246,12.3,135.9,459.7,398.7,5,30.0,1
180.3,73.8,0.181,3.7,89.5,199.8,521.2,1,56.3,1
49.0,96.1,0.629,12.2,116.6,944.5,2210.7,4,72.0,0
101.5,99.4,0.371,3.1,108.0,882.7,1771.6,1,37.7,0
304.3,68.9,0.462,4.2,80.0,464.3,529.0,1,82.0,1
107.6,84.7,0.698,14.1,135.8,35.1,966.2,1,77.3,1
249.0,84.1,0.709,7.0,51.0,1007.6,126.4,2,24.6,0
25.4,78.2,0.764,22.4,47.6,18.6,331.0,1,32.4,0
45.9,67.6,0.442,1.5,124.4,845.9,848.2,3,34.0,0
25.7,93.7,0.541,1.9,111.1,1164.5,157.9,2,85.3,0
234.4,68.9,0.932,6.0,67.9,528.0,2274.4,1,29.9,1
69.3,105.1,0.905,20.7,110.7,285.8,1569.0,1,64.8,0
29.5,84.1,0.814,21.4,129.0,847.3,3501.1,1,20.2,0
123.7,102.9,0.84,17.3,54.3,981.5,1468.9,2,59.2,0
56.4,71.0,0.456,1.8,103.5,658.0,3434.1,0,26.3,0
339.1,99.4,0.87,18.9,136.3,1160.6,1020.3,3,61.0,1
51.7,61.3,0.697,5.8,80.5,66.7,1150.2,3,44.4,0
44.2,97.2,0.751,3.1,102.2,608.2,4575.2,3,63.5,0
63.0,76.3,0.429,12.1,35.6,863.6,1283.1,2,46.6,0
14.9,80.8,0.56,22.9,137.1,1035.9,87.5,2,83.3,0
33.7,64.2,0.581,10.5,132.5,219.2,1594.0,1,75.6,0
222.8,56.0,0.576,5.8,86.6,961.0,2880.6,1,82.6,1
158.4,91.6,0.781,15.3,41.1,665.5,1955.1,6,32.8,1
9.0,87.3,0.632,1.6,114.2,478.9,1102.0,3,26.9,1
42.9,89.2,0.75,5.7,102.4,162.4,1385.1,2,59.6,0
275.1,69.0,0.869,13.7,149.1,1039.0,5599.4,3,84.8,1
270.5,68.2,0.515,2.2,62.8,192.9,164.0,4,23.8,1
65.0,100.7,0.636,2.4,29.4,375.2,1370.4,1,33.7,0
334.8,96.9,0.787,5.0,59.4,351.6,449.9,1,74.7,1
111.6,73.5,0.92,6.3,82.8,1046.3,1276.3,4,52.2,1
